深圳市万科云城房地产,万科云城（一期）,南山区石鼓路,深房许字（2018）南山,10055cdd-2351-4e2b-baa0-1907ed7d463b
深圳市大新常盛投资有,枫叶望海公馆,南山区望海路,深房许字（2018）南山,d97957b2-063f-4068-bb8b-a068634c271a
深圳市和谷投资有限公,和谷山汇城,宝安区燕罗街道,深房许字（2018）宝安,0dc570c3-3ec5-4245-a12d-78fea7ebe5bd
深圳市松茂房地产集团,松茂柏景湾公馆,宝安西乡街道,深房许字（2018）宝安,a28cce3a-3d7c-4eb1-b6db-a3f3a3a1ea46
深圳市天荣盛房地产开,天汇时代花园二期,光明区长春路东侧、振,深房许字（2018）光明,37a9583b-e4ee-4e19-ba03-605fb15e9ba3
深圳机场地产有限公司,领航城领誉华府,宝安区西乡街道,深房许字（2018）宝安,b45b5254-904b-403e-a75f-5e0d79929e42
深圳市西城房地产开发,万科星城名邸,宝安区新桥街道,深房许字（2018）宝安,2a557262-6df6-413d-b4ba-6134ec660fbf
深圳市麟恒投资发展有,东城中心花园（三期）,横岗街道龙岗大道北面,深房许字（2018）龙岗,9997b7c0-a0d9-44d4-a654-810a4324aab3
深圳市西城房地产开发,万科星城上郡,宝安区新桥街道,深房许字（2018）宝安,40a95437-a0fb-4236-8497-4960fa129de8
深圳市西城房地产开发,万科星城华府,宝安区新桥街道,深房许字（2018）宝安,799d4efc-941d-4997-97f2-df3c199b6ec9
深圳华强永兴投资有限,华强城市花园（一期）,宝安区福海街道,深房许字（2018）宝安,2d2f0886-f065-430f-8035-51e6f623cae3
深圳市大族云峰投资有,大族云峰花园5号楼、6,坂雪岗大道与永香路交,深房许字（2018）龙岗,ef996d41-9286-4935-a01f-334d7cfd0cd3
深圳市华联置业集团有,华联城市商务中心,南山大道西面东滨路北,深房许字（2018）南山,b172efa7-c385-469d-bfaf-0994a15618da
深圳市名爵房地产开发,万科香蜜府,深圳市福田区安托山四,深房许字（2018）福田,8e5d0a53-1cbc-412e-82da-e1d1b2602465
深圳市天就房地产开发,玺园,深圳市宝安区观澜镇清,深房许字（2018）龙华,333b35f2-a5d6-469e-9cdf-c8358dfb38c3
深圳卓越青浦房地产开,誉珑豪轩,宝安区沙井街道,深房许字（2018）宝安,e467b765-e132-4749-b0e2-3cc86bfd41c4
深圳泛亚房地产开发有,中骏云景华府,龙岗区龙岗街道,深房许字（2018）龙岗,58449491-cb25-4f43-a8d4-416b99202670
深圳冠懋房地产集团有,蓝郡公馆大厦,盐田区沙头角街道沙深,深房许字（2018）盐田,43c530f9-c933-4b21-9737-264e47f84d88
深圳市桂芳园实业有限,佳兆业金御雅园（1栋）,龙岗区平湖街道平安大,深房许字（2018）龙岗,3c2bb143-d6c1-4cf9-9941-24d2ada6205f
深圳市桂芳园实业有限,佳兆业君汇公馆（2栋）,龙岗区平湖街道平安大,深房许字（2018）龙岗,cdefbebe-6f0e-4bfd-814f-0b970b6329aa
深圳市桂芳园实业有限,佳兆业君汇公馆（2栋）,龙岗区平湖街道平安大,深房许字（2018）龙岗,d9ca6acd-86b3-40ff-8a41-c1d93f863416
深圳市桂芳园实业有限,佳兆业君汇公馆（1栋）,龙岗区平湖街道平安大,深房许字（2018）龙岗,f9ee3d76-8163-430b-867f-ef96b092e036
深圳市蛇口海滨置业有,太子湾商贸大厦,南山区招商街道规划望,深房许字（2018）南山,917c0cdf-ef2f-41af-bffe-efe3e2cc6f29
深圳市碧海投资发展有,京基御景时代大厦,深圳市龙岗区龙城街道,深房许字（2018）龙岗,587aa3a9-27da-4372-920f-dafb7b9d3138
深圳市泰富华澜湾置业,奥园·翡翠东湾二,坪山区金牛东路以南、,深房许字（2018）坪山,528881ca-26f3-4a76-a5ab-adac48168538
深圳市天安中益实业有,凤凰智谷大厦,宝安区西乡街道铁仔路,深房许字（2018）宝安,474a5f9d-ea86-4d53-ab17-f81cc1885240
宝吉工艺品（深圳）有,佳兆业中央广场二期,龙岗区坂田街道坂雪岗,深房许字（2018）龙岗,55c6c34a-644b-4b97-a865-1544882a9b1e
深圳市大族云峰投资有,大族云峰花园3号楼,坂雪岗大道与永香路交,深房许字（2018）龙岗,caa56cd9-9e72-44a1-a40c-97235d561bcc
深圳市百年春投资发展,嘉洲商务中心（A007-0,宝安区新安街道,深房许字（2018）宝安,59e1afc5-bc1c-4000-bfb5-73bbc6f9782e
华润置地（深圳）有限,华润城华润置地大厦（,南山区粤海街道深南大,深房许字（2018）南山,a83c690a-eb32-4b8b-9139-3fb6ca6e0567
深圳市皇城地产有限公,金领假日公寓,滨河大道与福田南路交,深房许字（2018）福田,db799c86-c4f4-450a-8f38-136322c85378
深圳市蛇口海滨置业有,太子湾商务大厦,南山区招商街道规划望,深房许字（2018）南山,c3673dea-e939-4bd6-8ebb-44bf7bd3bb36
深圳市蛇口海滨置业有,太子湾商贸大厦,南山区招商街道规划望,深房许字（2018）南山,eec74b04-09f9-43d8-8197-0deea0af19ed
深圳市德瀚投资发展有,招商开元中心,深圳市罗湖区红岭北路,深房许字{2018}罗湖00,576e1772-07fb-42ec-a62a-d81b825df6f5
深圳市奥星房地产开发,星河天地花园一期,光明区东周一街（暂定,深房许字（2018）光明,d5135884-697e-4f85-8b7e-0b9fe2d1af55
中国中电国际信息服务,中电迪富大厦,深圳市福田区振华路和,深房许字（2018）福田,34636027-4903-4afd-9a09-217dc5dbde33
中国中电国际信息服务,中电迪富大厦,深圳市福田区振华路和,深房许字（2018）福田,cbe6e511-deb3-4e1c-93de-6973d8cc7f45
深圳市汇东房地产投资,银领公馆,深圳市龙岗区南湾街道,深房许字（2018）龙岗,1778ccfe-0fbe-45c3-a410-83e947219ba0
中国中电国际信息服务,中电迪富大厦,深圳市福田区振华路和,深房许字（2018）福田,d57b4cb9-c4bf-40e4-b230-ec291ac52d9d
深圳麓园房地产开发有,麓园,龙岗区龙城街道回龙埔,深房许字（2018）龙岗,a775d1d0-124f-4837-9169-ed438b622d81
深圳市安宏基房地产开,安宏基天曜广场,龙华区新区大道与中梅,深房许字（2018）龙华,484ccde6-73e5-4451-8662-67f8a3234bbe
深圳市深业中城有限公,深业中城（B302-0040）,深圳市福田区红荔西路,深房许字（2018）福田,f8457215-8e13-41a5-be88-ce8546b1bbea
深圳市深城投置业有限,深城投中城花园,坪山区坪山六和社区，,深房许字（2018）坪山,384ce79b-0c1d-4693-8fdf-e80e5ac9b3fa
深圳朗泓房地产有限公,龙园大观花园二期1栋、,龙岗区龙岗街道新生路,深房许字（2018）龙岗,ba5b666f-9b65-4d8e-ad55-a6e6b94092c7
深圳市盐田佳兆业房地,佳兆业山海城家园（一,盐田区盐田街道洪安路,深房许字（2018）盐田,7dda6694-8856-44b4-8d63-9114801b8805
深圳朗泓房地产有限公,龙园大观花园二期3栋,龙岗区龙岗街道新生路,深房许字（2018）龙岗,f81828da-8843-42e7-b5a8-31b8e767a109
深圳市金碧房地产开发,凤凰公馆,坪山区碧岭街道坪山大,深房许字（2018）坪山,c57a351a-ea86-4bad-b5dc-d9740c5495c8
深圳华侨城房地产有限,华侨城大厦,南山区沙河街道深南大,深房许字（2018）南山,01d555a7-9d87-424e-adbd-7e065212d008
深圳市汇海置业有限公,中洲滨海华府一期,福田区沙头上沙社区上,深房许字（2018）福田,e47c23ff-ae7d-435f-813a-eb23a1930519
深圳富茅房地产开发有,实地剑兰郡,深圳市罗湖区红桂路红,深房许字（2018）罗湖,a745d21f-61c1-4575-8475-878da26b9f79
深圳华侨城房地产有限,香山里花园五期,南山区华侨城西北片区,深房许字（2018）南山,378fa6f1-897b-4f1c-a286-3adea15fc290
深圳市德欣房地产开发,宝泰雅苑,龙华区民治梅龙路西侧,深房许字（2018）龙华,47d24191-bcb7-4b8d-8b91-1079cf39694f
深圳市蛇口海滨置业有,太子湾商务大厦,南山区招商街道规划望,深房许字（2018）南山,441ac333-9f06-4a8f-9f96-7988d778b9d6
深圳市蛇口海滨置业有,太子湾商贸大厦,南山区招商街道办规划,深房许字（2018）南山,1eebb201-eca5-41ac-b2b2-eec142c89cbf
深圳市蛇口海滨置业有,太子湾商务大厦,南山区招商街道规划望,深房许字（2018）南山,bf6ef86e-7535-4e63-a087-70991fdc1407
深圳中维菁山房地产开,泰禾广场,坪山区坪山大道与金环,深房许字(2018)坪山00,5133cc4f-336f-4ae9-814b-dcdbcfedd18a
深圳市京基房地产股份,长源京基御景峯公馆,南山区桃源街道留仙大,深房许字（2018）南山,740c65ea-b41e-4ce0-9998-dd9950516ee5
深圳市红荷缇居房地产,颐安都会中央花园（Ⅲ,深圳市龙岗区红棉路与,深房许字（2018）龙岗,72c0f2e6-d386-4f33-b912-c63ac23ac173
深业泰富物流集团股份,深业泰富广场（一期）,罗湖区笋岗街道梨园路,深房许字（2018）罗湖,93b15e8b-f172-46a5-95f4-2b3f25d0e024
华润置地前海有限公司,前海华润金融中心T201,前海合作区二单元2街坊,深房许字（2018）前海,bd0dac9d-a71c-4977-91e1-6a9172ecd8e0
深圳市国速房地产开发,国速世纪大厦,深圳市罗湖区桂园街道,深房许字（2018）罗湖,8b8aefb0-b1f7-4e2e-b531-756a70815949
深圳市地铁集团有限公,深湾汇云中心四期,南山区白石三道,深房许字（2018）南山,7a6af2b6-2d04-427a-942c-eb469db95df6
深圳市横岗佳兆业投资,佳兆业未来花园（1栋、,龙岗区大运新城如意路,深房许字（2018）龙岗,1115ac0a-2178-4b42-aa55-d032b81926fc
华润置地（深圳）有限,华润城润府三期（三期,南山区粤海街道铜鼓路,深房许字（2018）南山,f6f1f45b-5834-4f05-887c-f39b4cc32fbd
深圳市瑞恒投资发展有,勤诚达乐园,宝安区新安街道,深房许字（2018）宝安,714998ac-a8b8-47a9-a46b-fed53801240d
深圳市地铁集团有限公,地铁锦上花园,龙岗区横岗街道,深房许字（2018）龙岗,b1abba43-cc05-424c-8d28-9bfd7a83ad24
深圳天安云谷投资发展,天安云谷产业园二期4栋,龙岗区岗头社区雪岗北,深房许字（2018）龙岗,3298518e-f9d0-41fe-bad7-ebd917a7add9
深圳市龙光骏景房地产,龙光玖钻商务中心,民治街道办,深房许字（2018）龙华,05f3b665-8240-4363-95d3-0e5fe7d7acc5
深圳市龙光骏景房地产,龙光玖钻商务中心,龙华区民治街道,深房许字（2018）龙华,f7f6aba1-f5ea-4ab8-8cc5-4e6a8dd0ed7e
深圳市明泰润投资发展,水贝珠宝总部大厦,深圳市罗湖区东晓街道,深房许字（2018）罗湖,1c791f31-8ceb-4d05-b66d-cec7a1e1b221
深圳市盐田港置业有限,半山悦海花园,深圳市盐田区沙头角梧,深房许字（2018）盐田,d29cc99b-4c44-489b-b100-f0049b02a8e6
深圳市乐安房地产有限,远洋新天地水岸花园,深圳市龙岗区龙城街道,深房许字（2018）龙岗,818b1b5d-9971-4211-8196-1c3621ed0d95
深圳市华茂嘉投资有限,琳珠华庭,龙岗区龙城街道爱联社,深房许字（2018）龙岗,e6247d55-e66a-4cbf-9944-4bdf97d22625
深圳市怡瑞达实业有限,怡瑞达乐郡,深圳市龙岗区龙岗宝龙,深房许字（2018）龙岗,bc699b9f-b741-43fb-820d-16b81e220841
深圳市南头城同乐投资,乐尚林居,南山区中山园路西侧,深房许字（2018）南山,e3a3417c-6ba7-4d1a-ab33-91f09b7f2a19
深圳市淞江康纳投资有,金地凯旋广场,深圳市龙岗区龙岗街道,深房许字（2018）龙岗,d42759a4-a2bb-4efa-a8c9-57ad9b27b82f
深圳市岗隆实业有限公,勤诚达正大城花园一期,深圳市光明新区玉塘街,深房许字（2018）光明,1b854dc9-b67f-4b9f-85c0-3304a6b3e904
深圳市市政工程总公司,天健公馆,安托山六路与四路交汇,深房许字（2018）福田,c7aaaa67-adde-43ad-9389-257c32fee017
深圳市前海景兴商业服,景兴海上广场一期,深圳市前海深港合作区,深房许字（2018）前海,cd244f6f-bed2-42f9-8259-ca06b33ce567
深圳市金亨利实业集团,金亨利瑜璟苑,民治街道梅龙路西侧,深房许字（2018）龙华,5fed94f2-7112-4d3f-8ffc-7295ebe8118c
深圳博林西岸置业有限,博林君瑞花园,深圳市宝安区沙井街道,深房许字（2018）宝安,63fc1a34-480c-46d8-96f6-3b8bec32a1b2
寰安置业（深圳）有限,前海嘉里商务中心二期,深圳市前海深港合作区,深房许字（2018）前海,48adf1c3-be98-4a06-9439-db93b1dd70b9
华润置地（深圳）有限,华润城华润置地大厦（,南山区粤海街道深南大,深房许字（2018）南山,d5679337-14c3-4aa7-8594-1b45244818fd
深圳市前海景兴物业管,景兴海上广场二期,深圳市前海深港合作区,深房许字（2018）前海,cbd9adfa-9e12-4bdc-9f9c-73230578d9e2
深圳市前海景兴商业服,景兴海上广场二期,深圳市前海深港合作区,深房许字（2018）前海,38d7ebf8-78d9-4e4c-ba18-a2c6cdd5cd1c
深圳市康达尔(集团)股,康达尔山海上园（二期,宝安区西乡街道,深房许字（2018）宝安,2332ec0f-1b4a-40a7-b017-aec246e8e3b8
华润置地（深圳）有限,华润城润府三期,南山区粤海街道铜鼓路,深房许字（2018）南山,c76f0886-7b6d-4053-8ccd-3dc9f0300735
深圳市毅骏房地产开发,中海鹿丹名苑（A区）,罗湖区红岭南路与滨河,深房许字（2018）罗湖,377e227a-4c1a-48d9-b57d-b54ec72ce255
深圳市丹晟恒丰投资有,新彩苑,龙华区民治街道新区大,深房许字（2018）龙华,5956feb1-b51d-4191-a1ad-dd4b8cbb0410
深圳市天通万年房地产,凤凰天誉华府,宝安区西乡街道,深房许字（2018）宝安,9969a85e-e9da-4669-a884-e6d97aa56639
深圳市万科南苑房地产,万科蛇口公馆,南山区蛇口街道湾厦路,深房许字（2018）南山,4eaa63a9-64aa-498b-929f-fd01683914d2
深圳市华茂嘉投资有限,琳珠华庭1栋,深圳市龙岗区龙翔大道,深房许字（2018）龙岗,d475ff8f-9798-47b6-9c5e-5ace475abf1c
深圳市磐业科技开发有,融创智汇大厦,龙华区民治办事处,深房许字（2018）龙华,8cbddbad-a993-4dd5-b787-1769d2dc5cbc
深圳市宝安东海实业有,华海金湾公馆（A104-0,宝安区西乡街道,深房许字（2018）宝安,d262d41f-6ef4-4ca1-91ca-b03560584ee2
深圳招商房地产有限公,海上世界双玺花园（三,南山区蛇口望海路南侧,深房许字（2018）南山,0f730185-000e-4a33-b920-c60256f3ced4
深圳招商房地产有限公,海上世界双玺花园（三,南山区蛇口望海路南侧,深房许字（2018）南山,b85fc1f1-ff4d-4b15-b563-ced438e4df3e
深圳市沙浦巨帆投资有,满京华云著花园（一期,深圳市宝安区松岗街道,深房许字（2018）宝安,ad31f4af-4863-46a3-8891-724069b92097
深圳市耀领投资有限公,唐商大厦,深圳市宝安区新桥街道,深房许字（2018）宝安,8b460ee7-815b-4a6c-a23b-a2507214f76e
深圳市乐安房地产有限,远洋新天地水岸花园,深圳市龙岗区龙城街道,深房许字（2018）龙岗,82fefbcc-36ff-4b47-bdf9-15d83143ff51
深圳市联建投资发展有,君钰府,宝安区新安街道,深房许字（2018）宝安,d7e225bd-e5a2-4ba6-b17e-ea48a3d5d561
深圳市隆新安居装修工,玖悦雅轩,宝安区新安街道,深房许字（2018）宝安,0fbabbc7-06c1-40f1-8441-4e23b392bb7a
深圳市凯丰实业有限公,龙光玖龙台（一期2、3,光明新区观光路与光明,深房许字（2018）光明,3c3d2610-13f3-4172-8e52-e5ccecd2aa8d
深圳市宜泰置业发展有,深城投·中心公馆,坪山区坪山街道兰竹西,深房许字（2018）坪山,17de7187-fb32-4e1c-9c65-6df747ffe726
深圳市万京投资有限公,恒大城市之光大厦,深圳市龙岗区龙城街道,深房许字（2018）龙岗,2ca2bfbf-8c9a-4cd3-a7ac-91f62c7bb79c
深圳市碧海投资发展有,京基御景中央花园二期,深圳市龙岗区飞扬路与,深房许字（2018）龙岗,c994e9b9-63f4-48c3-b987-186327eb8be0
深圳市赤湾房地产开发,山语海苑（二期）,赤湾少帝路南侧,深房许字（2018）南山,4ac656e3-5a5f-4bf8-9387-3c370df9ae00
深圳邦兆房地产开发有,凯旋天玺名庭,布吉街道新乐路19号旁,深房许字（2018）龙岗,ef518b39-db04-4af7-b51f-8423172acbc5
深圳市兴益合置业有限,智慧领寓,宝安区福永街道,深房许字（2018）宝安,de2dcdf0-9923-4995-a93f-a0bd2bb8ddf6
深圳市兴益合置业有限,菁英领寓,宝安区福永街道,深房许字（2018）宝安,eeddc304-09c2-4323-aea4-d75c397bcf97
深圳市泰富华悦都会置,悦都会华庭,坪山区坪山街道比亚迪,深房许字（2018）坪山,30c8c5e7-9824-48e3-9f22-435a1e568644
深圳市东方欣悦实业有,安托山花园（二期）,福田区安托山六路,深房许字（2018）福田,f364dbd4-16d4-44c5-8f7a-571348b250e2
深圳市泰富华澜湾置业,奥园·翡翠东湾二,坪山区金牛东路以南、,深房许字（2018）坪山,18e3f852-5992-41d3-a7e9-982afd77d2e9
深圳市深岛实业有限公,中航华府花园,布吉街道三联社区联中,深房许字（2018）龙岗,760971c6-a0d1-4887-ad99-30a9af72f777
深圳市乐安房地产有限,远洋新天地水岸花园,深圳市龙岗区龙城街道,深房许字（2018）龙岗,2d8d9ece-4b06-46a0-b1ef-abd0c5bebfa7
建滔数码发展（深圳）,恒大时尚慧谷大厦,龙华区大浪街道福龙路,深房许字【2018】龙华,d47f1e7c-008e-40dd-948a-36c2b0dec28f
深圳市承翰信息咨询有,陶柏莉花园（二期）,大鹏新区葵涌办事处丰,深房许字（2018）大鹏,590b005e-39a8-48be-a04b-12690a3d0c58
深圳市易尚数字技术发,易尚创意科技大厦,宝安中心区甲岸路与金,深房许字（2018）宝安,8b496c14-6733-4382-b6a7-24541ede4d74
深圳市家乐实业发展公,宝树台,福田区振中路与燕南路,深房许字（2018）福田,5780c432-2f30-4da7-ada6-d11557bb4c47
深圳市鹏华达实业有限,鹏华世家华府,龙岗区平湖街道,深房许字（2017）龙岗,b8d8bb33-a341-4270-aa1c-90cd5081abc6
深圳市鹏城瑞泰投资有,天玑公馆,龙华街道办事处,深房许字【2017】龙华,04900e7a-86ae-49ad-8ad4-0fe5ef67fc2c
深圳市浩瀚盈实业有限,家天下花园(一期),深圳是大鹏新区葵涌办,深房许字（2017）大鹏,27603104-e561-4b57-abea-5b1a713fe0d6
深圳招商华侨城投资有,红山六九七九商业中心,深圳市龙华区民治街道,深房许字（2017）龙华,bca6cb75-f97d-4562-bd59-282806c8e0f8
深圳市财富城投资有限,财富城（一期）,深圳市坪山区兰竹西路,深房许字（2017）坪山,bbeefccb-b71f-4bdf-80e6-377a9876821e
深圳市兆鑫房地产开发,汇金天琅大厦,罗湖区南湖街道深南东,深房许字（2017）罗湖,9d3b5f8f-2d47-40c7-a3c3-4697a9afc9da
深圳市比亚迪实业发展,亚迪三村,坪山区锦绣中路与翠景,深房许字（2017）坪山,eca653c0-a55d-4363-930b-cc3e9eada620
前海世茂发展（深圳）,前海世茂金融中心二期,深圳市前海深港合作区,深房许字（2017）前海,83244b3b-d62c-402c-a6bd-4bc389179972
深圳市万科南苑房地产,万科蛇口公馆,南山区蛇口街道湾厦路,深房许字（2017）南山,c7edcd33-d021-48a1-a214-4d9bc50e1ac7
深圳汎达实业发展有限,卓越弥敦道名苑,龙岗区横岗街道,深房许字（2017）龙岗,91d0a34c-c0df-425d-acd1-ed2496acb0a1
深圳市横岗佳兆业投资,佳兆业未来花园（4栋、,龙岗区大运新城如意路,深房许字（2017）龙岗,04b86cac-19c9-40db-ba58-790ea9ec7a97
深圳市宜泰置业发展有,深城投·中心公馆,坪山区坪山街道兰竹西,深房许字（2017）坪山,c0179f16-b649-44cb-9ec0-c0721e4ec20e
深圳市龙光骏景房地产,龙光玖钻商务中心,龙华区民治街道,深房许字（2017）龙华,a6763687-d109-410f-b8b5-286bad02aac3
深圳招商华侨城投资有,红山六九七九商业中心,龙华区民治街道办事处,深房许字（2017）龙华,88ac9d29-0b68-4017-b245-b221a80fe230
深圳邦兆房地产开发有,凯旋天玺名庭,龙岗区布吉中兴路和金,深房许字（2017）龙岗,e33e92f4-c159-429e-bbfc-8b5b061569eb
深圳市金中池投资发展,御景蓝湾公馆,深圳市龙岗区白灰围一,深房许字（2017）龙岗,98a0278e-f250-411f-9c76-9d40a0e7e1f0
深圳麓园房地产开发有,麓园（11-14栋）,深圳市龙岗区盐龙大道,深房许字（2017）龙岗,a5f959c0-c064-4221-aa30-c2d90350a244
深圳市万龙靓投资发展,金域领峰花园2-5栋,龙岗区布吉街道,深房许字（2017）龙岗,005e647b-0be3-4d2a-b044-58a6ce45dcf0
深圳市龙岗天安数码新,天安活力广场,龙岗区龙城街道,深房许字（2017）龙岗,090ae497-5cdc-47b8-9174-2a57b4b63f2e
中粮地产（深圳）实业,中粮云景广场,光明新区松白路南侧、,深房许字(2017)光明00,29a54620-476c-4c5c-a656-729a085c6958
宝吉工艺品（深圳）有,佳兆业中央广场二期,龙岗区坂田街道,深房许字（2017）龙岗,614168e1-c7ff-4296-85cd-56c575051afb
深圳市名居房地产有限,名居广场,龙岗区龙城街道爱联社,深房许字（2017）龙岗,fcba4655-6694-4a27-beb0-9879ba91f180
深圳市碧海投资发展有,京基御景中央花园一期,深圳市龙岗区龙城街道,深房许字（2017）龙岗,f7e513ba-c37e-4fb9-a7fa-417a8080bcb9
深圳市盛隆兴业投资发,吉祥里豪庭,龙岗区龙城街道白灰围,深房许字（2017）龙岗,5759757f-1fb6-476a-8903-87f7e1db6e94
深业泰富物流集团股份,博丰大厦,罗湖区清水河一路,深房许字（2017）罗湖,cd53b5f4-82e2-44fb-8ef6-417581375f54
深圳市万京投资有限公,恒大城市之光大厦2栋,深圳市龙岗区龙城街道,深房许字（2017)龙岗0,6e24b346-5d95-406c-bb06-482c538b9c23
深圳市龙光骏景房地产,龙光玖钻商务中心,龙华区民治办事处,深房许字（2017）龙华,18cf2c61-3160-4327-8b40-95735830d48e
深圳市尖莎咀上和房地,红湾盛园,宝安区西乡街道,深房许字（2017）宝安,575b56ac-65e4-4178-95c9-6733b48c63f8
深圳市宏发房地产开发,前城滨海花园（A105-1,宝安区西乡街道,深房许字（2017）宝安,51b8abda-b96c-4ee9-a209-6f992a6f6089
深圳市锦峰城房地产开,中粮祥云广场,龙岗大道西面如意路南,深房许字（2017）龙岗,d8935571-7229-487d-b1e9-92bf6e6383e4
深圳市锦峰城房地产开,中粮祥云广场,龙岗大道西面如意路南,深房许字（2017）龙岗,351b943a-6029-4276-9205-a6f1d8d80014
深圳市创芯置业有限公,中粮创芯研发中心,宝安区新安街道,深房许字（2017）宝安,1e5c5328-7051-490c-a90b-2532286cffac
深圳市金颐投资发展有,湾景商务中心,深圳市宝安区沙井街道,深房许字（2017）宝安,b4e6297b-5fd8-42f6-9111-ad13cfedc1f1
深圳市毅骏房地产开发,中海鹿丹名苑（A区）,罗湖区红岭南路与滨河,深房许字（2017）罗湖,0b209537-eb21-4ccb-b60f-c719bdb8de06
深圳市德瀚投资发展有,招商开元中心一期01地,罗湖区笋岗街道,深房许字（2017）罗湖,a6539db1-a37f-4376-9a47-a6f2d01b7b50
深圳市泰富华澜湾置业,奥园.翡翠东湾花园,坪山区坪山金牛东路以,深房许字（2017）坪山,d0a61ee5-ce0f-4777-9db7-9ac607004e29
深圳市盛迪嘉置地有限,盛迪嘉光明新宝轩,光明新区田寮路北侧、,深房许字（2017）光明,1b11dfef-f8d6-417a-b807-26f4325a85f4
深圳市宜泰置业发展有,深城投·中心公馆,坪山区坪山街道六合社,深房许字（2017）坪山,20fb907a-cfa2-473b-9c77-e652383038f5
深圳市地铁集团有限公,深湾汇云中心一期,深湾一路与白石四道交,深房许字（2017）南山,e60f76ee-a2b2-4b4d-ae4e-6117d58a856d
深圳市凯德丰投资有限,拾悦里雅居,深圳市宝安区沙井街道,深房许字（2017）宝安,52e8bf19-0baf-4e31-ab22-0edd43d0f4dc
深圳市康达尔(集团)股,康达尔山海上园（二期,宝安区西乡街道,深房许字（2017）宝安,0dc55bc8-c1b1-4abf-90f4-4b8cc8705c53
深圳市沙浦巨帆投资有,满京华云著花园（二期,深圳市宝安区松岗街道,深房许字（2017）宝安,64edaf40-f1fb-4036-9ac0-289870be6572
深圳市润科房地产开发,润科华府（一期）,宝安区航城街道,深房许字（2017）宝安,f0cfbd71-9463-46d9-9eb5-5c81246bf324
深圳华侨城房地产有限,香山里花园四期,香山西街与沙河东路交,深房许字（2017）南山,ab8c2c3b-d15e-4bc2-b874-31608c612815
深圳市鸿荣源实业有限,壹成中心花园（A824-0,深圳市龙华区龙华街道,深房许字(2017)龙华01,d833d8eb-7def-42fe-abb9-4ca38325c24c
华润置地（深圳）发展,柏瑞花园,南山区科苑大道与海德,深房许字（2017）南山,89072dcb-be75-405a-993a-bd366f67d7e1
深圳市天荣盛房地产开,天汇时代花园一期,风景南路西侧、振发路,深房许字（2017）光明,cb285404-8528-4626-ac7a-ff0f24e37cf2
深圳市南联投资发展有,八仙岭华庭,深圳市龙岗区龙岗街道,深房许字（2017）龙岗,ae01e97b-f94c-413a-9270-fdf557350cb1
深圳市宣威田丰房地产,碧海君庭,宝安区西乡街道,深房许字（2017）宝安,e633a95d-39d9-49e3-afd8-1abc934a4dab
深圳市百年春投资发展,嘉洲商务中心（A007-0,宝安区新安街道,深房许字（2017）宝安,bcc76a48-f18f-46d7-af99-8f60dfb571e9
深圳市喀斯特中环星苑,中环阳光星苑,龙岗区平湖街道,深房许字（2017）龙岗,38ba126f-b276-47bf-9ea7-ccb177af0532
深圳城盛房地产开发有,兰江山第花园二期,深圳市福田区梅林街道,深房许字（2017）福田,acda4ccc-af7f-4a13-9743-7b442fd9a547
深圳市向西雍睦豪庭房,向西雍睦豪庭,深南东路与东门南路交,深房许字（2017）罗湖,35ac6925-31c3-4765-a3a6-28311239a4d7
深圳市乐安房地产有限,远洋新天地家园,深圳市龙岗区龙城街道,深房许字（2017）龙岗,d00d0a94-b104-4e2b-8fc6-ef6c87c32296
深圳市凯丰实业有限公,龙光玖龙台（一期）,光明新区高新技术园东,深房许字（2017）光明,c0d66ea2-270e-4aef-9ce1-cdac6c4cd16f
深圳市鸿荣源房地产开,尚峻御园,龙华区大浪办事处民塘,深房许字（2017）龙华,df47c9d6-f772-4d29-8eba-5541ee334b92
深圳市万龙靓投资发展,金域领峰花园,龙岗区布吉街道,深房许字（2017）龙岗,3cac530e-1662-4559-9333-fe938b5e1445
深圳市骏腾置业有限公,龙光玖云著大楼3号楼,坪山区中山大道与振环,深房许字（2017）坪山,d9001220-adfb-43f1-87bb-c717546321d9
深圳华侨城房地产有限,天鹅湖花园（二期）,南山区侨香路南侧,深房许字（2017）南山,cce16b48-ed75-4c76-9863-c3b84ced9e9a
深圳市骏腾置业有限公,龙光玖云著大楼2号楼,坪山区中山大道与振环,深房许字（2017）坪山,103f241d-2260-40f7-8261-e1752037e4c9
深圳市泰富华澜湾置业,奥园.翡翠东湾花园,坪山区金牛东路以南、,深房许字（2017）坪山,aa5e8aee-7745-44e9-bf7a-44048084731b
深圳市耀凯房地产投资,安峦公馆,福田区,深房许字（2017）福田,c93d0f6e-2147-4c64-8551-346bffe26ba3
深圳中维菁山房地产开,泰禾广场,深圳市坪山区中山大道,深房许字（2017）坪山,78a37320-9611-4f28-9031-3b622fc6f64e
深圳市地铁集团有限公,汇隆商务中心二期,深圳市龙华新区深圳北,深房许字（2017）龙华,d8e4be9f-b3d5-4ebe-8267-e2a551e626f6
深圳市深房集团龙岗开,深房翠林苑,龙岗区龙凤路,深房许字（2017）龙岗,c1513fd2-1d5b-4fd6-8ba2-e714d95f2cb6
中粮地产集团深圳房地,中粮紫云大厦,深圳市宝安区新安街道,深房许字（2017）宝安,17ec0cf1-4ed1-4f81-adcc-b23d46dca2c7
深圳市锦福城房地产开,宝观城锦鲤大厦,龙华区观湖街道人民路,深房许字（2017）龙华,2e346e99-0be2-4885-933d-8c4133dc0c0f
深圳市茂兴置业有限公,碧桂园阳光苑,深圳市龙岗区坂田街道,深房许字（2017）龙岗,6cf1bfdf-4d95-4979-8e34-6818fe2c588b
东莞骏轩实业有限公司,碧桂园星荟大厦,光明新区南环大道以北,深房许字（2017）光明,3d9fb0c9-a75c-4f22-92bd-c5e065e88000
明发集团（深圳）房地,明发光明轩,光明新区田寮路北侧、,深房许字（2017）光明,5d701101-2120-4228-bc1a-5f49e2f43a22
深圳市德瀚投资发展有,招商开元中心一期01地,罗湖区笋岗街道,深房许字（2017）罗湖,26515b34-4ab4-43fc-92bb-672a3c8cd2d1
深圳龙岗区启迪协信科,启迪协信科技园,盐龙大道东面青春路北,深房许字（2017）龙岗,f5101051-573f-483b-9b69-7acd14503073
深圳市德瀚投资发展有,招商开元中心一期04地,罗湖区笋岗街道,深房许字（2017）罗湖,23a79c91-a378-431e-84e3-18da031ad14e
深圳市德瀚投资发展有,招商开元中心一期01地,罗湖区笋岗街道,深房许字（2017）罗湖,b1c3029f-5618-42ca-b475-a2e2fc67a5df
深圳凯南房地产开发有,东方盛世花园（二期E.,深圳市龙岗区布吉街道,深房许字（2017）龙岗,9da4b0f7-f3eb-49af-850c-eba4d473cb1f
深圳凯南房地产开发有,东方盛世花园（二期E.,深圳市龙岗区笔记街道,深房许字（2017）龙岗,bcd37371-47ef-46b4-a5d1-30e4b6e53563
深圳凯南房地产开发有,东方盛世花园（二期E.,深圳市龙岗区布吉街道,深房许字（2017）龙岗,e8613a82-4843-467e-b527-980a4fca939a
深圳市宝安石鸿工贸有,银鸿大楼,深圳市宝安区新安街道,深房许字（2017）宝安,0f4795e1-224a-43af-bd04-a40fa34bdde6
深圳恒邦伟业投资集团,恒邦时代大厦,福田区华强北,深房许字（2017）福田,95b21490-fa0c-46d0-8048-957b47a447d3
深圳市东方欣悦实业有,安托山花园（一期）,福田区安托山六路,深房许字（2017）福田,943d52c5-5a4f-40fd-8c2f-d7c91aaae048
深圳市富上佳房地产开,阳基御龙山家园,龙华区福城办事处,深房许字（2017）龙华,69de1c88-43b5-4c7f-aa36-c7de3bde49f3
深圳恒邦伟业投资集团,恒邦时代大厦,福田区华强北,深房许字（2017）福田,6b1c6b8e-0919-4b43-90bf-126fba93fdd4
前海君临实业发展（深,恒大天璟大厦,南海大道和登良路交汇,深房许字（2017）南山,28737848-276b-476c-975e-f40a2bfcf028
深圳市地铁集团有限公,汇德大厦,龙华区民治街道,深房许字（2017）龙华,064c9909-52c5-498c-9d54-91ecb961c2f8
深圳市鹏城置业投资发,珑门名苑（A924-0172）,龙华区观澜福城办事处,深房许字（2017）龙华,7e86e94f-3828-494e-8eae-4036de47ae7c
深圳市龙光骏景房地产,龙光玖钻商务中心,龙华区民治办事处,深房许字（2017）龙华,74e0f1dd-41c2-4e47-b1e5-b75fe1631a6e
深圳市鸿荣源房地产开,尚峻花园（一期）,龙华区大浪办事处民塘,深房许字（2017）龙华,31fcc9ed-991a-4bf4-9321-136575655127
深圳市盛隆兴业投资发,铭德大厦,龙岗区龙城街道白灰围,深房许字（2017）龙岗,9ae737ba-1be0-4473-89c3-7d669288e151
深圳市龙城广场房地产,万科时代广场,龙岗区龙城街道,深房许字（2017）龙岗,957d8a41-c7e7-4bfe-9709-30e98d9fc2de
深圳市宜泰置业发展有,深城投·中心公馆,坪山区坪山街道兰竹西,深房许字（2017）坪山,0903af97-973c-4ec9-ab35-455c5a997eeb
深圳市龙光骏景房地产,龙光玖钻商务中心,龙华区民治办事处,深房许字（2017）龙华,5d0478e8-9035-46b9-9d26-94b26a423e23
深圳市霖梓投资发展有,恒荣立方商厦,宝安区西乡街道,深房许字（2017）宝安,50f11326-bcc6-4068-8b69-5b250254f313
深圳华侨城城市更新投,宝亭锦园,宝安区沙井街道,深房许字（2017）宝安,435a779a-76a0-48ac-988f-e3d906a1add4
深圳市泰富华澜湾置业,奥园.翡翠东湾花园,坪山区金牛东路以南，,深房许字（2017）坪山,92d6015f-c1da-4f7e-9076-c7b3214cf90e
深圳市润科房地产开发,润科华府(二期）,宝安区西乡鹤洲洲石路,深房许字（2017）宝安,d5d71c32-8bbe-4822-be22-c096380ad54c
深圳市星顺房地产开发,星河荣御花苑（二期）,沙井街道,深房许字（2017）宝安,78c89d2c-f974-4d1a-90cb-920ab42e7547
深圳市骏腾置业有限公,龙光玖云著大楼,坪山区坪山街道中山大,深房许字（2016）坪山,ab22e5cf-904e-41e1-b8e2-02369ec7d812
深圳市信利康电商科技,信利康大厦,深圳市前海深港合作区,深房许字（2017）前海,5aef0780-a886-4135-9fd2-5a0f563f96d3
运泰建业置业（深圳）,侨城坊（一期）,南山区侨香路北、北环,深房许字（2017）南山,e24210e9-bee4-4656-b1f0-0d51d2281da6
深圳市地铁集团有限公,深湾汇云中心（二期）,深湾一路与白石四路交,深房许字（2017）南山,03b7fd44-1876-45c0-a70f-40248af8a021
深圳市茂兴置业有限公,碧桂园荣汇花园,深圳市龙岗区坂田街道,深房许字（2017）龙岗,9fb67e13-075e-4da0-afc6-2659d26865f1
深圳市华盛置业有限公,华盛新沙荟名庭（三期,宝安区沙井街道,深房许字（2017）宝安,3b8e483d-ef9c-4044-bf48-f91d96b7ced4
深圳市乐安房地产有限,远洋新天地家园,深圳市龙岗区龙城街道,深房许字（2017）龙岗,62fe7674-42bd-4c0d-b0d0-988b4e2cfcbd
深圳市向南枫叶投资有,前海枫叶大厦,南山区常兴路与丁头南,深房许字（2016）南山,c305d0c8-a0a8-45b7-9fc4-c51204483be6
深圳市合正房地产集团,丹郡花园,龙岗大道和丹平快速路,深房许字（2016）龙岗,d97e2092-1fca-42d6-8195-c4950b92223d
天基房地产开发(深圳),远洋新干线君域花园,龙岗区龙岗街道,深房许字（2016）龙岗,63814661-24aa-4d1e-bc7d-ca67820d4483
深圳市铖源实业发展有,金基吉祥广场,深圳市龙岗区龙岗中心,深房许字（2016）龙岗,a6c87ade-91aa-4352-8e3a-fe0fdb464d3d
深圳市众驰伟业投资发,华创云轩,深圳市龙岗区坂田街道,深房许字（2016）龙岗,43127eb4-d9f2-4286-bad1-b373b65091f0
深圳市富驰房地产开发,富驰大厦,深圳市龙华新区东环二,深房许字[2016]龙华01,9965457a-27cc-4f88-ae15-dea69971e726
深圳市心海腾楗投资发,心海城一期07地块2栋,坪山新区坪山街道比亚,深房许字（2016）坪山,90d788b0-4452-4499-80f2-faf49170fcf6
华润置地（深圳）有限,华润城润府二期（一区,铜鼓路东面科发路北面,深房许字（2016）南山,5c105a38-33c4-49bd-bfc6-6ff5eae60ed6
深圳市特区建设发展集,融悦山居C区,龙岗区平湖街道,深房许字（2016）龙岗,c6f1aa76-6e27-4ec1-8094-6ce65ee863c0
深圳市特区建设发展集,融悦山居B区,龙岗区平湖街道,深房许字（2016）龙岗,88f0071e-02c0-4a33-b8f0-aa374c3933ec
深圳市万科云城房地产,万科云城（六期）,石鼓路和打石一路交汇,深房许字（2016）南山,a067ae17-95f3-45de-99b7-f6d93ef7c27d
美洲联冠置业（深圳）,万科深南广场,罗湖区深南东路,深房许字（2016）罗湖,3977e344-2986-431d-a3cc-c0f27d082629
深圳市朗通房地产开发,塘朗城广场（西区）,留仙大道和地铁塘朗站,深房许字（2016）南山,5757ef49-bdca-410e-be13-1814501b148e
深圳市鸿荣源实业有限,壹成中心花园（A824-0,龙华新区龙华街道人民,深房许字（2016）龙华,6cb7208b-9e2c-4598-91b2-bee373e8a3f4
深圳市长庆房地产开发,长庆小时代雅轩,龙岗区布吉街道石芽岭,深房许字（2016）036号,5ee9e24d-ca8e-420e-876c-fcffec5000a4
深圳冠洋房地产有限公,诚盈商务中心,月亮湾大道与棉山路交,深房许字（2016）南山,566dca5e-f42d-4064-a980-fdd53965681d
深圳市泰富华天峦湖置,天峦湖花园,深圳市坪山新区坪山街,深房许（2016）坪山00,e802e4b8-4b15-4a39-893a-44778104ce5d
深圳市泰富华天峦湖置,天峦湖花园五栋,坪山新区坪山街道马峦,深房许字(2016)坪山00,051295c0-efe6-4e04-b5c7-8f50691e1e71
深圳市金洪实业投资发,华盛观荟名庭,观澜办事处,深房许字（2016）龙华,33593b23-380f-4181-a99b-73149edba558
深圳市中天美景地产投,中天美景大厦,坪山新区中山大道以北,深房许字[2016]坪山00,40a07173-2c7a-4bcc-9ca7-ce69fb7d852c
深圳前海卓越汇康投资,前海卓越金融中心T201,深圳市前海深港合作区,深房许字（2016）前海,aa016171-9383-47f0-b3f0-f76f0c912a23
深圳市赤湾房地产开发,山语海苑（一期）,赤湾少帝路南侧,深房许字（2016）南山,9cfee702-f845-4861-ad80-309b6fe36b22
深圳市宇宏投资集团有,岭宏健康家园,龙岗区南湾街道,深房许字(2016)龙岗03,f18c007a-8817-4317-b741-02ae0063640d
深圳市佳华房地产开发,佳华领域广场（一期）,龙华新区观湖街道,深房许字（2016）龙华,1c7b7ea0-e9c8-4fbf-933e-044c71b9112d
深圳市心海腾楗投资发,心海城一期08地块,深圳市坪山新区坪山街,深房许字（2016）坪山,16c01df8-91e9-4238-8e0d-d9fbd16b17a2
深圳市心海腾楗投资发,新海城一期08地块,深圳市坪山新区坪环路,深房许字（2016）坪山,6baba1cf-e61b-4a8e-b0a8-c0dc3c339cac
华润置地（深圳）有限,华润城润府二期（二、,南山区铜鼓路东侧科发,深房许字（2016）南山,fca6064c-1775-4db0-a038-c965dee6a36a
深圳招商房地产有限公,海上世界双玺花园三期,望海路,深房许字（2016）南山,f04786b6-3765-4a73-a5ae-d4e930d8a1cf
深圳市盛隆兴业投资发,吉祥里豪庭,龙岗区龙城街道白灰围,深房许字(2016)龙岗03,d5b4ba2d-c1af-4f0e-a15c-041b36332b0f
中粮地产集团深圳房地,中粮紫云花园,宝安区新安街道,深房许字（2016）宝安,3acb8c82-8347-40ad-9b35-0c9195e13128
深圳市信旺房地产开发,信义荔景御园,深圳市龙岗区布吉街道,深房许字（2016）龙岗,af29ca0b-794a-47a8-a556-26251539fa00
深圳市湖贝实业股份有,益田假日府邸,光明新区松白路与南环,深房许字(2016)光明00,23dbc487-2cbc-4323-b228-56df41f977f0
深圳朗泓房地产有限公,龙园大观花园一期,龙岗区龙岗街道,深房许字（2016）029号,d4d14b35-3947-42bb-82df-48a19af56174
深圳市泰富华天峦湖置,天峦湖花园,深圳市坪山新区坪山街,深房许字(2016)坪山00,f2ab0107-473a-4e58-afb3-493fa5dbc217
深圳市东部开发(集团),东部英郡假日广场,龙岗区南湾街道丹竹头,深房许字(2016）龙岗0,83d5aadf-9228-44cf-8b7c-dd346dbe838e
深圳市新豪方房地产有,豪方天际花园（一期）,北环大道和南山大道交,深房许字（2016）南山,8bba3191-cc94-45c4-a4ef-b832dce68dac
宝能地产股份有限公司,宝能城市公馆（三期）,福田区广深高速公路北,深房许字（2016）福田,0e29148b-35b3-430f-a424-c06ea96aabf5
华银通宝投资有限公司,华苑,宝安区西乡街道,深房许字(2016)宝安00,62820579-8853-4126-863b-abe05859c9f8
中粮地产（深圳）实业,中粮云景花园北区,光明新区公明街道松白,深房许字（2016）光明,5675198b-1ee0-4e55-ba43-2b877bc013ca
深圳华侨城房地产有限,香山里花园三期,华侨城香山里西街,深房许字（2016）南山,c3e6c6a7-98c4-494c-8fa2-149909a38887
深圳市喜盈盈投资有限,松河瑞园一期2栋,深圳市宝安区松岗街道,深房许字（2016）宝安,c3706830-e722-46d1-8dc5-4716ba573d39
深圳市地铁集团有限公,汇隆商务中心,龙华新区民治街道,深房许字（2016）龙华,752eb9c5-aa4b-49d6-8848-b2a52d45e788
深圳市华佳业房地产开,华业玫瑰四季馨园二期,民治街道,深房许字（2016）龙华,8c2677b7-2ed3-4450-aa4c-ac2d8a4bcf06
深圳市鸿荣源实业有限,壹成中心花园（A824-0,龙华新区龙华街道东环,深房许字（2016）龙华,63c636e4-a40e-4c5e-8084-2be1455f55e2
深圳市鼎宏投资发展有,融湖时代花园,深圳市龙岗区平湖街道,深房许字（2016）龙岗,1b5938f9-2cbf-4a8c-b486-295de2ed75de
深圳市秋铭投资发展有,峰荟时代科技中心,光明新区公明街道南环,深房许字（2016）光明,e74878de-d4e4-4d50-906b-5fbacd64979c
深圳市鹏广达商业管理,四季水岸雅居,盐田区后方陆域北山道,深房许字（2016）盐田,40cc6b98-ca12-40ca-aaac-614125383004
前海世茂发展（深圳）,前海世茂金融中心一期,深圳市前海深港合作区,深房许字（2016）前海,be890f7a-09c3-4a99-98c7-474374bf2ccb
深圳华侨城房地产有限,香山美墅花园,香山中路,深房许字（2016）南山,9ce47b0f-b14d-4863-8841-79de4c66dba8
深圳市永晋盈投资有限,幸福城商业大厦,龙华新区龙华办事处,深房许字（2016）龙华,fd2e8bf5-166a-42e8-87ab-8ae56dd5b574
深圳市前海股份有限公,前海东岸花园,北环大道与南山大道交,深房许字（2016）南山,c93fa85c-e1eb-4573-8507-de01b19f5b13
深圳市佳华房地产开发,佳华领汇广场二期,深圳市龙岗区坂田区,深房许字（2016）龙岗,b8f42bc6-b689-48b4-b9de-eccd8b8250e2
深圳市中民投资发展有,龙平紫园,龙岗区龙城街道龙平西,深房许字（2016）龙岗,20560d75-0758-4205-972d-df4c40d569a0
深圳市卓越宝中房地产,卓越宝中时代广场二期,宝安区新安街地,深房许字（2016）宝安,ed4dfa39-3381-4da2-a4ab-844c7f8d40b8
深圳泛亚房地产开发有,中骏蓝湾翠岭花园一期,深圳市龙岗区龙岗街道,深房许字（2016）龙岗,e3c4e706-c161-4669-bb53-603a18d1e5b7
深业进智物流发展有限,深业进元大厦,罗湖区清水河一路11号,深房许字(2016)罗湖00,757ed896-b8a3-4069-b071-6036a6c45461
深圳市祥华投资发展有,花语馨花园,深圳市龙岗区布吉街道,深房许字（2016）龙岗,2a9cbba4-9e0f-47a3-b591-37a3f6080e45
深圳市淞江康纳投资有,金地凯旋广场,龙岗街道龙城南路西面,深房许字（2016）龙岗,ccf367ec-88c4-4397-b710-45266219f9be
深圳市鸿荣源实业有限,壹成中心花园（A824-0,龙华街道东环一路西侧,深房许字（2016）龙华,88195e28-3aa5-446d-bd28-cb390a3024a1
深圳华侨城房地产有限,天鹅湖花园（一期）,侨香路与香山西街交汇,深房许字（2016）南山,51c0a68e-99cc-447c-8b2d-57dde219d9a3
深圳市投资控股有限公,深圳湾科技生态园,南山区白石路与沙河西,深房许字（2016）南山,e0e24c97-304f-4357-ac68-e158e7ebb849
深圳市泰富华天峦湖置,天峦湖花园,深圳市坪山新区坪山街,深房许字（2016）坪山,b9c8fb14-58c5-4297-b79a-b4474dca73a3
深圳市潮商东部投资有,潮商广场,坪山新区坪山街道中山,深房许字（2016）坪山,922783b6-5ce3-48d9-93a1-1bb2fc33ab66
深圳市恒裕实业（集团,恒裕嘉城花园,龙岗区爱南路与同富路,深房许字（2016）龙岗,149e5bc7-7640-4ace-b39f-0a6f33570dfe
深圳市金众地产集团有,金众金域阁,龙华新区民治街道,深房许字（2016）龙华,f6d89cf0-ebbe-4f47-aeee-45e9c6f26678
中粮地产（深圳）实业,中粮云景花园南区,光明新区公明办事处松,深房许字（2016）光明,b5fcd904-e29a-4f80-9e94-d2dbd34a2e7b
深圳市万科云城房地产,万科云城（三期）,石鼓路西侧,深房许字（2016）南山,34927ed9-6f46-4aff-ab40-a329acb7a8bf
深圳市宝安东海实业有,华海金湾公馆（A104-0,宝安区西乡街道,深房许字（2016）宝安,8b7ee81c-e9ef-4ec1-b86c-e35dcc90d419
深圳市瑞和佳源房地产,星河传奇商厦,龙华新区民治上塘,深房许字（2016）龙华,90f3db57-813d-4907-b3f7-69735fc66bb1
深圳市赛格新城市建设,赛格新城市广场,龙岗区布吉街道,深房许字（2016）龙岗,fedce939-72ae-433f-bf98-5b9874b11963
深圳市地铁集团有限公,地铁锦上花园,龙岗区横岗街道地铁横,深房许字（2016）龙岗,5556bf4c-8c34-4477-85f2-4acbe8db56cf
深圳市创浩通房地产开,星河智荟花园,深圳市龙岗区横岗街道,深房许字（2016）龙岗,f8cd9915-bdf0-40da-9e87-eaa819d09f9c
壹方置业（深圳）有限,壹方商业中心,宝安中心区新湖路与创,深房许字（2016）宝安,880e26c8-9284-4802-8368-b963e06d137a
深圳市创浩通房地产开,星河智荟花园,深圳市龙岗区横岗街道,深房许字（2016）龙岗,11fd8bb3-0004-4363-91ba-bfeba459a909
深圳市国惠康国泰房地,深业泰然玫瑰轩,深圳市龙华新区观澜大,深房许字（2016）龙华,0521f211-1054-4886-9f1e-f6bc1248e45e
深圳市中爱联实业有限,荣德时代广场,深圳市龙岗区横岗地铁,深房许字（2016）龙岗,573d89dc-8142-42df-8296-b4e66a262841
深圳市宁佳置业有限公,宁佳花园,龙岗区龙城街道,深房许字（2016）龙岗,b650c986-e8e6-4e94-a4f4-3fb5a10ff369
深圳市地业乐安房地产,全盛紫悦龙庭3栋,深圳市龙岗区龙城街道,深房许字（2015）龙岗,359dfccc-c21c-471b-a3ce-1f0232843cc6
深圳市地业乐安房地产,全盛紫悦龙庭2栋,龙岗区龙城街道,深房许字（2015）龙岗,45cba49f-fcd0-4fe6-906e-81b7d1edead0
深圳泛亚房地产开发有,中骏蓝湾翠岭一期,深圳市龙岗区龙岗街道,深房许字(2016)龙岗01,be31768b-d835-493f-bff4-cdca6e1e45f6
深圳市承翰信息咨询有,陶柏莉花园（一期）,大鹏新区葵涌办事处丰,深房许字（2016)大鹏0,8eaa4080-6a72-41ea-a580-4f7c2e3f2aec
新旺实业发展（深圳）,深业东岭花园二期,罗湖区深南路与沿河路,深房许字（2016）罗湖,ae619ce1-8104-41ef-8c5c-eb15caafd2e0
宝吉工艺品（深圳）有,佳兆业中央广场三期,深圳市龙岗区坂雪大道,深房许字（2016）龙岗,f40f287a-01f5-4c12-a9f5-a675b63c59d4
宝吉工艺品（深圳）有,佳兆业中央广场三期,深圳市龙岗区坂雪岗大,深房许字（2016）龙岗,49d24a5c-aab2-4c58-baf4-c7ba137b7038
深圳市宏发房地产开发,宏发世纪花园(A712-06,宝安区石岩街道,深房许字(2016)宝安00,a8c76695-0260-4253-876d-80d9d81963b2
广东城脉地产有限公司,城脉深圳湾公馆,后海大道与东滨路交汇,深房许字（2016）南山,b82bee51-a42e-4923-8d92-16de94848a51
深圳市嘉兴福房地产开,嘉霖悦禧园,深圳市龙岗区坂田街道,深房许字（2016）龙岗,bb78f216-858f-439e-aa9a-322380971630
深圳市嘉兴福房地产开,嘉霖悦禧园,深圳市龙岗区坂田街道,深房许字（2016）龙岗,3d1a85e0-74e6-467c-8b3e-9080415ad893
深圳半岛城邦房地产开,半岛城邦花园（三期）,蛇口东角头望海路南侧,深房许字（2016）南山,a5739316-93dd-4692-983e-696cc5c5d1a2
深圳市海王星辰实业有,海王星辰大厦,东滨路与后海滨路交汇,深房许字（2015）南山,47286f7a-9b4f-4461-ad69-69ef9b811330
宝能城有限公司,宝能城花园,留仙大道与塘朗地铁站,深房许字（2016）南山,d5c4427d-0755-43e2-9868-b42092c39fe8
深圳市万科云城房地产,万科云城（三期）,石鼓路西侧,深房许字（2016）南山,f39af74e-e5fc-4be1-b602-3d202b1197d9
深圳市龙城广场房地产,万科时代广场,龙岗区龙城街道,深房许字（2016)龙岗0,a8a1dea4-5b0e-42a3-a9e7-ca6f13e6226d
深圳泛亚房地产开发有,中骏蓝湾翠岭花园一期,深圳市龙岗区龙岗街道,深房许字（2016）龙岗,5e4fb6bf-493c-4c78-91bb-21a3862c0118
深圳泛亚房地产开发有,中骏蓝湾翠岭花园一期,深圳市龙岗区龙岗街道,深房许字（2016）龙岗,12e9ce29-3002-4bb1-89aa-7901a1e3fc9a
深圳泛亚房地产开发有,中骏蓝湾翠岭花园一期,深圳市龙岗区龙岗街道,深房许字（2016）龙岗,7c87a748-0f43-4966-b8ba-8d28c30893d9
深圳市深业中城有限公,深业中城（05-03地块）,福田区红荔西路与农坊,深房许字（2016）福田,f3955d99-f5f2-4c74-b962-9875d900b2bd
深圳市金安城房地产开,星航华府四期,深圳市宝安区福永街道,深房许字（2016）宝安,9500da45-bc5b-4ca6-b560-d8335515940c
深圳市正大国利投资有,正大时代华庭,深圳市龙岗区振海路与,深房许字（2016）龙岗,0606158c-cd50-4be5-bc24-a7b432ebbb27
深圳市泉堂实业发展有,天福华府（A区）,深圳市宝安区西乡广深,深房许字【2016】宝安,a81c9d14-d798-4e7e-90b6-8e7d1de98815
深圳市万鸿嘉投资发展,金域中央花园二期,布吉街道水径社区,深房许字（2016）龙岗,4f63ed87-4fd5-4694-8d93-7930774ac9d0
深圳市嘉兴福房地产开,嘉霖悦禧园,深圳市龙岗区坂田街道,深房许字（2016）龙岗,9898f62c-fc39-454b-ade7-dcf0465909f6
深圳市吉厦房地产开发,国香山翡翠华庭1栋及3,深圳市龙岗区南湾街道,深房许字（2016）龙岗,ebab882d-81e1-4391-ac1f-2150feafb62c
新锦安实业发展(深圳),新锦安壹号公馆,宝安区新安街道,深房许字（2016）宝安,27308ed2-fb5e-4174-ba0f-34d8e1e8ba33
深圳市信贤房地产开发,信义御珑豪园,深圳市坂田街道大发埔,深房许字（2016）龙岗,f0a31f30-08bb-40c9-808c-7e7ff97b1ef6
深圳市宇宏投资集团有,岭宏健康家园,龙岗区南湾街道,深房许字（2016）龙岗,cd8abebd-59dd-4897-9a6b-a244f72790c4
深圳市聚龙湾投资发展,公园里花园四期,南湾街道樟树布社区,深房许字（2016）龙岗,a0e1df1b-2f8b-43ef-850d-6270d68784b2
深圳市合裕房地产开发,爵悦公馆1栋,深圳市龙岗区清霞路与,深房许字（2016）龙岗,2ba7e97c-fc28-4878-90a3-fe58bef9b8b7
深圳市奥宸房地产开发,奥宸观壹城华轩（A928,龙华新区观澜办事处松,深房许字（2016）龙华,e5ac02cc-b78f-4932-9564-eed274bc530e
深圳市信旺房地产开发,信义荔山御园C区7栋,深圳市布吉街道罗岗社,深房许字（2016）龙岗,362f4ba1-05d6-42e3-ace0-9ceaaa4f052e
深圳市福民合建投资有,澜汇花园,龙华新区观澜大道西侧,深房许字（2016）龙华,09360adc-6a17-45ed-9e9d-1b4fa7cdf4c1
深圳前海卓越汇康投资,前海卓越金融中心（宗,深圳市前海深港合作区,深房许字（2016）前海,d8f94e58-d6ea-498a-ab60-7e806b3b142d
深圳市宇宏投资集团有,岭宏健康家园4栋、14栋,龙岗区南湾街道,深房许字（2015）龙岗,2f6a29db-475b-4474-8eb7-624ca6138b3c
深圳市地业乐安房地产,全盛紫悦龙庭1栋,深圳市龙岗区龙城街道,深房许字（2015）龙岗,11a281b4-7949-4246-8a9e-0b52113e2244
万菱实业（深圳）有限,彩云轩,宝安区西乡街道,深房许字（2015）宝安,ada15804-250f-4cfd-9294-54ec3d1efb58
深圳仙诺制药有限公司,宝丰苑,罗湖区金稻田路与东湖,深房许字（2015）罗湖,849fabd6-2e70-466e-9657-899593498776
深圳市淞江康纳投资有,金地名郡园,深圳市龙岗区龙岗大道,深房许字（2015）龙岗,827b1fcb-7c6f-41d7-b923-438a6be96f60
深圳市盛迪嘉房地产开,盛迪嘉光明壹号花园三,光明高新西区科发路西,深房许字（2015）光明,2c95578e-9981-4855-8219-edf5797ce0ce
深圳市盛迪嘉房地产开,盛迪嘉光明壹号花园三,光明高新西区科发路西,深房许字（2015）光明,a5641bc0-36e7-4f87-96cb-afea8eea93a2
深圳市毅骏房地产开发,中海鹿丹名苑,罗湖区红岭南路与滨河,深房许字（2015）罗湖,8b386e6c-05ef-4df2-8d6a-c156e40ac37e
华润置地（深圳）发展,柏宁花园,科苑路,深房许字（2015）南山,a333ad9e-a995-4c82-8942-63eb328c2eec
华润置地（深圳）有限,华润城华润置地大厦（,深南大道北面铜鼓路东,深房许字（2015）南山,dc26ab1d-a20b-495d-9bf7-5651a4c2c706
深圳市方大置业发展有,方大广场（一期）,龙珠四路与北环大道交,深房许字（2015）南山,f4592812-4722-4c14-b877-04da2a008f86
深圳市特发集团有限公,和平里花园II期,深圳市龙华新区民治办,深房许字（2015）龙华,acd8094f-19be-4d2d-9890-d67088951ec1
深圳市赤湾投资发展有,前海丹华园,赤湾四路以北、赤湾九,深房许字（2015）南山,7470e0e0-0355-4325-be0b-3df598ecbb5e
深圳市赤湾投资发展有,前海丹华园,赤湾四路以北，赤湾九,深房许字（2015）南山,61e70475-8bdc-4e6a-8a9a-8d7e90ac8324
深圳市赤湾投资发展有,前海丹华园,赤湾四路以北，赤湾九,深房许字（2015）南山,8fcfa0fd-ff58-4d22-9022-8f7d174d1fb3
深圳市力高大道置业有,力高君御花园,坪山新区坪山街道中山,深房许字（2015）坪山,3c5e5875-c6ea-456c-b3ce-d2426159ecbe
深圳市宏发房地产开发,前城滨海花园（A105-1,宝安区西乡街道,深房许字（2015）宝安,bb09fe43-0016-4730-976f-a2cde380a6a4
深圳市地铁集团有限公,地铁前海时代广场（9号,前海深港现代服务业合,深房许字（2015）前海,650d3143-ba75-4af2-86a2-7d7aeffbd464
雄伟房地产开发（深圳,卓能雅苑,龙华新区民治街道布龙,深房许字（2015）龙华,a7a691a4-4cd0-41b3-9a32-622197aab837
深圳市金骏房地产有限,玖龙玺花园二期北区,龙华新区新区大道与白,深房许字[2015]龙华02,5b0ffc8c-07e1-4fcd-aaba-9f9227afefac
深圳市岗厦实业股份有,岗厦皇庭大厦,深圳市福田区金田路东,深房许字（2015）福田,36a50949-ab75-4a83-872b-033dedc6fdcf
深圳市福中福房地产开,幸福港湾尚品居,宝安区西乡街道,深房许字（2015）宝安,9b08b497-5212-4d8c-b755-0d6824b25c03
深圳市皇庭房地产开发,岗厦皇庭大厦,深圳市福田区金田路东,深房许字（2015）福田,c6b0f720-6331-4640-afd2-b1318878c430
深圳市怀德房地产开发,怀德峰景南园,宝安区福永街道,深房许字（2015）宝安,4cb8ec2b-38b2-4042-902d-f88c3da7cd57
深圳市德润创展房地产,德润荣君府2栋、4栋,坂田街道布龙公路南侧,深房许字（2015）050号,7f7ba0ca-3543-4d32-9266-99c686063f7f
中粮地产（集团）股份,中粮凤凰里花苑,深圳市宝安区福永街道,深房许字（2015）宝安,54199a96-6c3d-44fd-8ce0-d354cb3cbaa5
深圳机场地产有限公司,领航城领秀花园,宝安区西乡街道,深房许字（2015）宝安,5a311cd2-c334-43a0-9e5a-eb428b2bf06c
深圳市香江供应链管理,香江金融大厦,深圳市前海深港现代服,深房许字（2015）前海,d6a4eadd-9263-4fe0-acd2-6c77bd06a99f
深圳荣超实业有限公司,高新区联合总部大厦,学府路与科苑南路交汇,深房许字（2015）南山,10178366-8706-4394-9995-1d4cd762f5df
深圳市万疆城投资发展,金域九悦花园（北区）,深圳市龙华新区悦兴路,深房许字（2015）龙华,d0113552-3f49-47fa-bb68-db81e639a848
深圳市恒地投资有限公,恒地悦山湖花园2号楼,深圳市龙岗区横岗街道,深房许字（2015）龙岗,3d667840-c19f-493d-a8e0-df72da0fb0c1
深圳市恒地投资有限公,恒地悦山湖花园1号楼,深圳市龙岗区横岗街道,深房许字（2015）047号,0b8bcaf6-267a-49e6-b178-fc03d9f61744
深圳市奥宸房地产开发,奥宸观壹城华府（A928,龙华新区观澜办事处松,深房许字（2015）龙华,810b71a4-b7e6-4b22-81d2-066e6b179f03
深圳市物业发展(集团),深物业前海港湾花园,月亮湾大道与兴海大道,深房许字（2015）南山,4c5fc2f3-a3bf-4a88-b38c-6df1343c9d7e
深圳市新南水门投资有,水门逸欣园,龙岗区平湖街道,深房许字（2015）龙岗,3d30f4f9-0ec2-4b35-85db-0b9e58ddb146
深圳市合泰地产集团有,御景翠峰小区,盐田区沙头角径口村,深房区沙头角（2015）,7424a9c4-47af-48b4-8f89-37dff18dc101
深圳市港城建业房地产,港城蓝山雅园,盐田区后方陆域中青一,深房许字（2015）盐田,e9cf3819-0850-405b-8186-ddf0a1015dff
深圳市地铁集团有限公,地铁锦上花园,深圳市龙岗区横岗街道,深房许字（2015）龙岗,9a0f2bc7-48c8-4b24-beae-b803c7d97c1b
深圳中海地产有限公司,中海锦城花园西区,龙华新区民治街道,深房许字（2015）龙华,3f3b245c-7915-433e-849d-9f9c46616f38
深圳招商房地产有限公,海上世界双玺花园三期,望海路,深房许字（2015）南山,7cfc754f-2ae2-42e1-967c-ed0e9f3b96af
宝能城有限公司,宝能城花园,留仙大道与塘朗地铁站,深房许字（2015）南山,4a567e2a-e2ce-46ae-8548-0c631aaea765
深圳市美宝田实业有限,满京华艺峦大厦,宝安区西乡街道,深房许字（2015）宝安,dcac7405-6134-4371-ada2-91d2cde4aa28
深圳市德润创展房地产,德润荣君府,坂田街道布龙公路南侧,深房许字（2015）龙岗,a137c9fa-6a9f-4df2-ab8f-434e2adf13ca
深圳市鹏龙实业有限公,联美新天地华府,深圳市龙岗区布吉街道,深房许字（2015）龙岗,f726eb51-6d7b-48d9-a9cd-31578735555f
深圳市鸿荣源实业有限,壹成中心花园（A824-0,龙华新区龙华街道人民,深房许字［2015］龙华,a138dd87-4483-4162-88f2-1d1a6ec068c6
深圳市喜盈盈投资有限,松河瑞园二期,深圳市宝安区松岗街道,深房许字（2015）宝安,ee552b0f-315b-4495-95c5-7ef239b5ac1f
深圳市喜盈盈投资有限,松河瑞园二期,深圳市宝安区松岗街道,深房许字（2015）宝安,c5a1e72d-9981-43a4-aeea-eef648a3975e
深圳市喜盈盈投资有限,松河瑞园二期,深圳市宝安区松岗街道,深房许字（2015）宝安,6ae776d3-0cc1-4fc9-a429-44ac139675ad
深圳市大新尚盛投资有,大新时代大厦,学府路,深房许字（2015）南山,f679a995-4813-4314-8b40-e1b8b9304d4a
深圳市大新尚盛投资有,大新时代大厦,学府路,深房许字（2015）南山,a6539efd-1568-45e2-9da8-deaf848c6b32
威新地产（深圳）有限,金地威新公寓,科技南路与高新南十道,深房许字（2014）南山,36edea93-6666-450f-950f-65e3460a3ba3
深圳市鹏城置业投资发,珑门名苑（A924-0173),龙华新区观澜办事处豆,深房许字（2015）龙华,c86fe5c3-3774-4605-81d5-cf29905780d3
深圳市金骏房地产有限,玖龙玺花园二期南区,龙华新区大道与白石龙,深房许字（2015）龙华,234df40b-5e15-41ca-bca7-3d1e360ad229
华润置地（深圳）有限,华润城润府二期（一区,铜鼓路东面科发路北面,深房许字（2015）南山,4b065596-799f-48cf-9406-0bd7caeb0327
深圳市九州房地产开发,万科天誉花园二期5栋,龙岗区龙城街道,深房许字（2015）龙岗,0c586bf0-3e7c-490f-9f62-14dcaaa32c95
深圳市银海实业有限公,恒裕滨城花园（二期）,后海滨路与招商东路交,深房许字(2015)南山02,24062c38-b96a-4fd4-91f7-058e31255beb
深圳市银海实业有限公,恒裕滨城花园（二期）,后海滨路与招商路交汇,深房许字（2015）南山,95aee013-8919-4eb4-9501-248dfcf34419
中国南山开发(集团)股,赤湾海鹏阁,华英路南面,深房许字（2015）南山,620f6056-c381-4939-aa01-988f7ea98f0d
深圳市合裕房地产开发,爵悦公馆3栋,深圳市龙岗区清霞路与,深房许字（2015）龙岗,75faaafc-47cb-4cc0-a4ac-7f161ce2451d
深圳市合裕房地产开发,爵悦公馆2栋,深圳市龙岗区清霞路与,深房许字（2015）龙岗,057d6e89-a572-4e53-97fb-de74807e6d0b
华润（深圳）地产发展,银湖蓝山润园二期,罗湖区清水河街道银湖,深房许字（2015）罗湖,7bd37556-8ead-4146-9457-930992b91df8
深圳市市建置业有限公,塑和公园华府,罗湖区人民北路人民公,深房许字（2015）罗湖,5cf7cd12-034c-4c68-98df-a3be926b7c76
深圳市黄贝岭靖轩实业,靖轩豪苑,罗湖区黄贝岭,深房许字（2015）罗湖,2ababdaf-9091-4d10-98f1-b81631fc5500
华联控股股份有限公司,华联城市全景花园,宝安区创业二路与公园,深房许字(2015)宝安01,2bc25856-39b6-42e4-838f-6ec64cbd911f
深圳市卓越宝中房地产,卓越宝中时代广场（一,宝安区新安街道,深房许字（2015）宝安,e8e95279-e451-4551-9369-12b02bd9bc31
深圳市吉厦房地产开发,国香山翡翠华庭2栋,深圳市龙岗区南湾街道,深房许字(2015)龙岗04,e494db01-070e-4590-996e-97a0f10bfa63
深圳市万科滨海房地产,壹海城三区（2期）,盐田区海景二路,深房许字（2015）盐田,50f122f3-324a-45fa-9075-383552f4d45b
深圳市诚品地产有限公,水湾壹玖柒玖广场（一,荔园路与太子路交汇处,深房许字（2015）南山,d8514de2-d862-4ab2-b416-4c3cc9d234ad
深圳市善嘉置业有限公,上善梧桐苑,深圳市盐田区海山路98,深房许字（2015）盐田,554311d0-0c4a-4b5e-b1e3-90f65934e56a
深圳市万科滨海房地产,壹海城三期2期,深圳市盐田区海景二路,深房许字（2015）盐田,7fff5ba4-e8f2-4a5d-83e8-197b4a6394a1
深圳市万科滨海房地产,壹海城三区2期,深圳市盐田区海景二路,深房许字（2015）盐田,91a7a16c-5f78-4a3e-bc2c-a5d87eaa2566
深圳市松茂房地产集团,松茂御龙湾雅苑,深圳市宝安西乡中心区,深房许字（2014）宝安,32d4f41f-8119-4bc1-864f-be63ff0d92b3
深圳市松茂房地产集团,松茂御龙湾雅苑,深圳市宝安西乡中心区,深房许字(2014)宝安01,dfdc42d3-b423-4c1e-9a25-74e257a3507d
深圳市中爱联实业有限,荣德雨辰公寓,深圳市龙岗区横岗街道,深房许字（2015）龙岗,6c5be203-7879-40c6-a838-8d7763a09330
深圳亘富投资有限公司,锦缘里嘉园,罗湖区沿河南路3026号,深房许字(2015)罗湖00,d7a0e2db-ac3a-48c3-845e-7c66a8f41f9f
深圳市力高大道置业有,九高君御花园,深房许字（2015）坪山,深房许字（2015）坪山,a05b59b0-ef51-4d91-9766-23160fc36970
宝能地产股份有限公司,宝能城市公馆（一、二,福田区农林路21号,深房许字（2015）福田,55e9c82c-da5e-407f-9af0-c11313126b8f
港铁物业发展（深圳）,荟港尊邸2期,大浪街道布龙路与和平,深房许字（2015）龙华,64849c1a-8a5a-48ae-b246-fe9630bbc377
深圳市港信达投资发展,港信达银信广场,深圳市横岗街道松柏路,深房许字（2015）龙岗,c85c0cd4-adb7-40a2-b3f8-f26300aa80c3
深圳市投资控股有限公,深圳湾科技生态园,南山区白石路与沙河西,深房许字（2015）南山,87e2705e-adec-4212-9b20-def587a7c671
深圳市聚龙湾投资发展,公园里花园四期2栋,龙岗区南湾街道,深房许字（2015）龙岗,b01328f9-3dfd-42fa-852e-f8c81a2b8891
深圳市万鸿嘉投资发展,金域中央花园二期,龙岗区布吉街道水径社,深房许字（2015）龙岗,e710f44a-cd34-4673-9878-e46de593e147
深圳市龙城广场房地产,万科时代广场1栋,龙岗区龙城街道,深房许字（2015）龙岗,e2b4c0b0-97f6-4c62-bc60-ecf631d315ea
深圳市儒骏泰峰房地产,骏雅居,龙岗区坂田街道,深房许字（2015）龙岗,cfe5b938-438d-4b87-9209-2555fff62512
深圳市金龙房地产开发,公园一号广场,南海大道与创业路交汇,深房许字（2015）南山,b0726d99-b5bf-4a62-bad4-27e5b5c603a2
深圳市儒骏泰峰房地产,骏雅居,龙岗区坂田街道,深房许字（2015）龙岗,72ea74eb-aa0c-4d06-aaa2-4a93ca81bc36
深圳市万科云城房地产,万科云城（一期）,南山区石鼓路,深房许字（2015）南山,0e2864dd-bcf3-4d1c-86dc-3398a20d1c35
深圳市鹏瑞地产开发有,鹏瑞深圳湾壹号广场（,科苑大道与东滨路交汇,深房许字（2014）南山,eae8997e-7aaf-432c-a6a2-372e05a48167
深圳市鹏瑞地产开发有,鹏瑞深圳湾壹号广场（,科苑大道与东滨路交汇,深房许字（2015）南山,4cabcf82-a4aa-47ab-87d6-418dd448c017
深圳市鹏瑞地产开发有,鹏瑞深圳湾壹号广场（,科苑大道与东滨路交汇,深房许字（2014）南山,de4fe6b4-fc72-4dc7-ae39-0edcb8b936e4
深圳市鹏瑞地产开发有,鹏瑞深圳湾壹号广场（,科苑大道与东滨路交汇,深房许字（2015）南山,8eebe1d7-58fb-4e4f-b1db-887a233814cd
深圳市鹏瑞地产开发有,鹏瑞深圳湾壹号广场（,科苑大道与东滨路交汇,深房许字（2015）南山,032bf360-e614-4037-9a0c-b1301b792ef7
深圳市宏发房地产开发,宏发世纪花园,宝安石岩街道,深房许字（2015）宝安,de16fb2a-34ac-43d4-80a7-cedda01563ae
深圳市联投置地有限公,联投东方华府（二期）,深圳市宝安区松岗街道,深房许字（2015）宝安,94ad57ed-5468-4949-9e3c-02b1e119f3ab
深圳市富士投资（集团,富士嘉园,观澜办事处华中街,深房许字（2015）龙华,8b8fa77e-b918-4600-a1de-63bb0d9c2f36
深圳机场地产有限公司,领航城领尚华府,宝安区西乡街道,深房许字（2015）宝安,eaf3a3ef-8b48-4d04-9084-c649e54fe880
深圳市世基房地产开发,嘉悦山花园·,龙岗区坂田,深房许字（2015）龙岗,5433c8be-d68b-4416-a86b-9423cdb407ea
深圳市科之谷投资有限,深业上城（南区）二期,深圳市福田区皇岗路50,深房许字（2015）福田,edf9d148-054c-4d78-8a10-0bc818fd4c69
深圳市松茂房地产集团,松茂御龙湾雅苑,深圳市宝安区西乡中心,深房许字（2015）008号,141f6c00-340c-4d64-bc7d-5516d6993d4e
深圳市力高大道置业有,力高君御花园,坪山新区坪山街道中山,深房许字（2015）坪山,3e1ece68-6b96-4ef5-9082-7072d7e92430
深圳市志天下实业有限,太阳雨家园,龙岗区坂田街道坂雪岗,深房许字（2015）龙岗,d226e7bf-01cc-4fac-9ec1-6be540a4dc06
深圳市红荷森泉置业发,森泉雅轩,龙岗横岗街道办,深房许字（2015）龙岗,5ba4327a-e663-4d72-878b-bad782245b95
深圳市龙华龙屋投资有,盛荟居,深圳市龙华新区民治街,深房许字（2015）龙华,56b690e0-a96a-468c-8a54-f4c1dd9a275b
深圳市中熙房地产开发,中熙香山美林苑,东滨路与南光路交汇处,深房许字（2015）南山,81659702-a6b5-4e18-8caa-b63153d4ab4a
深圳市宇宏投资集团有,岭宏健康家园,龙岗区南湾街道,深房许字（2015）龙岗,f482504f-b7be-475b-864a-dd9fc2c59e57
深圳市光明商业中心开,新地中央广场,光明新区光明大道与河,深房许字（2015）光明,cdf06eac-df51-4689-9a6a-6af61a9f2368
深圳市泉堂实业发展有,天福华府(B区),深圳市宝安区西乡广深,深房许字(2015)宝安00,c73c3f47-46ca-4fb4-bb7a-0f587480c34b
深圳市龙华上塘股份合,星河传奇花园二期,龙华新区民治上塘,深地合字（2015）龙华,6d0b92d9-1cf8-4389-b789-2d3a702eb477
深圳市金洪实业投资发,华盛峰荟名庭（一期）,龙华新区泗黎路与悦兴,深房许字（2015）龙华,0e72438c-3db9-431f-bb05-49abcfae1304
深圳市龙华上塘股份合,星河传奇花园二期,龙华新区民治上塘,深房许字（2015）龙华,c0b0c0b3-3ce7-4e02-89d0-e353d34fbb53
深圳市联投置地有限公,联投东方华府（一期）,宝安区松岗街道,深房许字（2014）宝安,c6733a98-c78f-4e40-8002-dd2052ec55fd
深圳市淞江康纳投资有,金地凯旋广场,深圳市龙岗区龙岗街道,深房许字（2015）龙岗,4f416b2c-0e42-4672-bd5c-0acb71a34659
深圳市淞江康纳投资有,金地凯旋广场,深圳市龙岗区龙岗街道,深房许字（2015）龙岗,591a3091-5162-43ed-aaed-63412d2507ee
深圳市诚品地产有限公,水湾壹玖柒玖广场（二,荔园路与太子路交汇处,深房许字（2015）南山,e3b2971b-c1ef-46c5-9578-40e771e173c0
深圳市聚龙湾投资发展,公园里花园四期,龙岗区南湾街道,深房许字（2015）龙岗,1be7f4c4-7ee7-487c-bbea-aed56efdbec4
深圳市佳华房地产开发,佳华领汇广场一期,坂田街道吉华路和五和,深房许字（2015）龙岗,bfd8752c-9913-47c9-9a69-f3aad271a8d8
深圳市银江置地开发有,银江春晓家园,深圳市龙华新区观澜街,深房许字【2015】龙华,20397b30-7113-419b-ad0a-1f96a1cac0e4
深圳市银江置地开发有,银江春晓家园,深圳市龙华新区观澜街,深房许字【2015】龙华,fa5f686e-9b87-4033-9e50-5d525d7db443
深圳市九州房地产开发,万科天誉花园二期8栋,龙岗区龙城街道,深房许字（2015）龙岗,be164b45-e629-41dc-b937-7d9c71e5c972
深圳市万疆城投资发展,金域九悦花园,深圳市龙华新区观澜街,深房许字【2015】龙华,da52a022-b829-430e-a75b-fe7c1529c193
深圳市万疆城投资发展,金域九悦花园（南区）,深圳市龙华新区观澜办,深房许字【2015】龙华,1e2f6444-b3eb-4566-befe-e8ead3f4c1f6
深圳市文宝峰投资发展,平安里家园,深圳市龙岗区龙平西路,深房许字（2015）龙岗,78043862-0e07-4413-897b-bda969261daa
深圳华侨城房地产有限,香山美墅花园,香山中街,深房许字（2015）南山,665e2b8d-f25e-4713-8e45-26ed497765b7
深圳市国惠康国泰房地,深业泰然观澜玫瑰苑,深圳市龙华新区观澜街,深房许字【2015】龙华,6edecc71-7886-4b2e-ab0d-16c1ac0f9cdb
深圳市泰富华天峦湖置,天峦湖花园,深圳市坪山新区大山陂,深房许字（2015）坪山,cc79c270-1564-4e31-b442-9cd93f3aacb7
深圳市汉森房地产开发,吉祥龙花园,科苑南路与工业七路交,深房许字（2014）南山,3e878fbf-db3a-44ce-ae45-63f1f0e4e024
深圳市新屋吓英隆房地,荣超新成大厦·,深圳市龙岗区大运新城,深房许字（2015）023号,823d8dea-456e-4dc3-b404-829500b8f554
深圳市海岸融通投资有,海岸环庆大厦,深圳市福田区福田路24,深房许字（2015）福田,963463a3-d07e-417b-8866-299bca927b0f
深圳市金地大百汇房地,岗厦天元花园5栋,深圳市福田区河园路东,深房许字（2015）福田,bc57632e-f3ae-4545-9882-52766335043d
深圳泛亚房地产开发有,中骏蓝湾翠岭花园一期,龙岗区龙岗街道,深房许字（2015）龙岗,0493e15d-29a4-4a0a-898e-78e9c0ccc1e3
深圳泛亚房地产开发有,中骏蓝湾翠岭花园一期,龙岗区龙岗街道,深房许字（2015）龙岗,87ae5759-9e7d-4b9e-b56e-aa8a05f81d64
深圳市南岭新力佳投资,尚峰花园,深圳市龙岗区南湾街道,深房许字（2015）龙岗,d2bb7631-680f-49da-a556-233a9eab9cd7
深圳机场地产有限公司,领丽花园,宝安西乡街道,深房许字（2015）宝安,6964d3e4-0cd8-48b8-9c51-4514359244bb
港铁物业发展（深圳）,荟港尊邸一期,龙华新区和平路与布龙,深房许字（2015）龙华,46ddd8ef-fa75-4ee4-9f23-c3c61977469d
深圳市万科滨海房地产,壹海城三区C\D座,深圳市盐田区海景二路,深房许字[2015]盐田00,4a087a44-e6d7-47db-9291-a5b04cf95ed5
深圳市宇宏投资集团有,岭宏健康花园,龙岗区南湾街道,深房许字（2015）龙岗,389b42b9-574a-429d-afb6-b5b9934b5a77
深业沙河（集团）有限,深业世纪工业中心,宝安区洲石路与北二路,深房许字(2015)宝安00,89f082b7-bed8-4260-bdf0-e4f2b3153820
深圳市力高大道置业有,力高君御花园,坪山新区中山大道与锦,深房许字（2015）坪山,cd58d35c-e81f-4ac7-81bf-cffb74acae7a
深圳市金地北城房地产,金地塞拉维花园（南区,深圳市龙华新区观澜街,深房许字（2015）龙华,7bf12edc-179c-4ed1-829e-40375cadb9b1
深业沙河（集团）有限,深业世纪工业中心,宝安区洲石路与北二路,深房许字(2015)宝安00,56d7a27f-c1dd-4e02-9713-5edf1a9ecc9f
深圳市地铁集团有限公,龙瑞佳园,兴海大道东侧,深房许字（2015）南山,62901c9d-2e1a-41f8-b052-8e9d1c7d164c
深圳市秋铭投资发展有,峰荟花园二期,光明新区公明办事处南,深房许字(2015)光明00,c7029a08-93c1-4b12-84b9-9e9f520d2b58
深圳市九州房地产开发,万科天誉花园二期,龙岗区龙城街道,深房许字（2015）龙岗,d84c73e6-e50d-4a8d-9caf-87f7e2ac5832
华润置地（深圳）有限,华润城润府（三、四期,新世界豪园路与铜鼓路,深房许字（2015）南山,2f5fe27f-523d-472f-89bf-2d70243c6ff4
深圳市海王星辰实业有,海王星辰大厦,东滨路与后海滨路交汇,深房许字（2015）南山,c875f11b-3651-404b-8add-81816a609a52
深圳市海王星辰实业有,海王星辰大厦,东滨路与后海滨路交汇,深房许字（2015）南山,8e8762c4-5d9d-4296-9e9d-b0aa879eae8e
深圳市君成投资发展有,雍和园,深圳市宝安区西乡街道,深房许字（2015）宝安,9463c53e-e53a-468f-b765-b702f47796e8
深圳市保利置地房地产,保利悦都花园,深圳市龙华新区办事处,深房许字【2015】龙华,98571a16-cc13-4396-8b04-be506a368dbf
深圳市保利置地房地产,保利悦都花园,深圳市龙华新区龙华办,深房许字【2015】龙华,1e8079ee-97cf-4f7a-b4e5-2b127ff87738
深圳市六和房地产开发,六和商业广场一期,深圳市坪山新区坪山街,深房许字（2015）坪山,cfc98555-16b7-4b88-8b38-49d02e922e2e
深圳市金众地产集团有,金众金域半山花园,大鹏新区葵涌办事处丰,深房许字（2015）大鹏,e6e3e510-993a-4943-bfc6-9870b2b2fb68
壹方置业（深圳）有限,壹方商业中心,深圳市宝安区新湖路与,深房许字（2015）宝安,eea47b04-c641-4b0d-aefd-790595943dc9
壹方置业（深圳）有限,壹方商业中心,宝安中心区新湖路与创,深房许字（2015）宝安,43b29573-35d8-45cf-93f4-6f49b7dd5880
壹方置业（深圳）有限,壹方商业中心,宝安中心区新湖路与创,深房许字（2015）宝安,0a911857-f782-4f96-ba0e-aefc7a41fcca
深圳市万科云城房地产,万科云城（一期）,南山区石鼓路,深房许字（2015）南山,7de63882-105f-43c2-a126-d01fa441fc93
深圳市红荷庭苑房地产,颐安都会中央花园（II,龙岗区龙城街道,深房许字（2015）龙岗,bb5b05f1-b88b-411b-9b8d-b582bed6b64e
深圳市生良房地产开发,尚水天成花园,龙岗区布吉街道水径路,深房许字（2015）龙岗,e39e5388-08ef-4905-a52b-b9269c8f08ac
深圳市特区建设发展集,铂寓轩,宝安区西乡街道,深房许字（2014）宝安,d7bd63f8-5451-4e60-be05-8517f1b9ce5c
深圳华侨城房地产有限,燕晗山苑,侨香路,深房许字（2015）南山,8a4db6f4-b6a7-4880-ad33-c668c439b7c7
深圳市中洲宝城置业有,中洲华府商业大厦,深圳市宝安区创业二路,深房许字（2015）宝安,a61ce887-4c53-438a-97af-a2c8f1477609
深圳博林集团有限公司,博林天瑞花园（二期）,留仙大道和平山一路交,深房许字（2015）南山,0819136e-18d4-4dc9-aae3-547db8f64ad6
深圳市朗通房地产开发,塘朗城广场（东区）,留仙大道与塘朗地铁站,深房许字（2015）南山,b521deb0-fdba-43a1-a810-1705e10fd364
深圳中海地产有限公司,中海锦城花园,民治办事处,深房许字【2015】龙华,64b03401-fccf-421e-8509-a7f32dfce736
深圳市宏发投资集团有,宏发嘉域花园二期,光明新区公明办事处松,深房许字（2015）光明,89b02d24-3cf2-493f-b0b9-2d48dfcdb36c
深圳市高发投资控股有,高发悦驰苑,布吉镇雪象村,深房许字（2015）龙岗,c0820a74-7e72-4dd5-94d9-2060cf679b2e
深圳博林集团有限公司,博林天瑞花园二期,留仙大道与平山一路交,深房许字（2015）南山,56d6f99f-05e7-4706-8fdd-7ca230bfb09b
深圳市新生辉投资有限,正兆景嘉园,光明新区双明大道北侧,深房许字（2015）光明,5dbab044-b9eb-461b-8fdd-bed76e6250d2
深圳市龙井实业股份有,鼎胜金城世家豪园,西丽留仙大道与石鼓路,深房许字（2014）南山,70e1d034-b9b8-4536-a2cb-9445dc04ed89
深圳市南油开发建设有,月亮湾山庄（三期）,兴海大道与前海路交汇,深房许字（2015）南山,34d38cac-c88d-4d1d-930b-9e6a21ceb25a
深圳市南油开发建设有,月亮湾山庄（三期）,兴海大道与前海路交汇,深房许字（2015）南山,241aa898-89f7-4730-a4ef-7f2c4dd029a7
深圳市南油开发建设有,月亮湾山庄（三期）,兴海大道与前海路交汇,深房许字（2015）南山,9f49369b-5ebb-42c3-b5dd-86b9cb0477db
深圳市南油开发建设有,月亮湾山庄（三期）,兴海大道与前海路交汇,深房许字（2015）南山,95482a3a-84fe-42fe-8111-7488a160935b
深圳市南油开发建设有,月亮湾山庄三期,兴海大道与前海路交汇,深房许字（2015）南山,d0fdb2be-6c21-4982-bbca-b01d164d666f
深圳市南油开发建设有,月亮湾山庄（三期）,兴海大道与前海路交汇,深房许字（2015）南山,c8057b77-a043-4a5d-8d80-fb6c5d092eff
深圳市中爱联实业有限,荣德雨馨公寓,深圳市龙岗区横岗(街道,深房许字（2015）龙岗,0056c776-c9eb-43ba-b373-f4302ed5f9e7
深圳市南岭新力佳投资,尚峰花园,深圳市龙岗区南湾街道,深房许字（2015）龙岗,0fa35956-dab5-490e-a111-4e93e005e9e2
民生东都深圳房地产开,美地里园1栋,龙岗中心城东都路旁,深房许字（2015）龙岗,75950e05-e587-4949-85d4-e960a6bc1748
深圳市南油开发建设有,月亮湾山庄（三期）,兴海大道与前海路交汇,深房许字（2015）南山,ad2caa80-f864-40ba-9742-18294387d624
深圳市怀德房地产开发,怀德广场,福永街道,深房许字（2014）宝安,cc202589-40ff-4047-a9c0-4ea8ca7cd970
深圳市京基房地产股份,京基御景印象家园,深圳市坪山新区坪山街,深房许字(2015)坪山00,f55224ce-f4c6-4c13-9a2a-a20b7bf89b92
深圳市麟恒投资发展有,东城中心花园（二期）,龙岗区横岗街道龙岗大,深房许字（2015）龙岗,c9c28a16-a81d-4768-a7c7-4a19a78c5bdd
深圳坪山招商房地产有,招商花园,深圳市坪山新区坪山兰,深房许字(2015)坪山00,eba5d9d7-3654-497f-93ed-f859adda6f5f
深圳市宇宏投资集团有,岭宏健康花园,龙岗区南湾街道,深房许字（2015）龙岗,31d49e87-cc81-4e74-a749-b0551499fa7d
港铁物业发展（深圳）,荟港尊邸2期,大浪街道布龙路与和平,深房许字（2015）龙华,b818b350-d0ff-417b-8c77-c5f5729a6dae
深圳市瑞恒投资发展有,勤诚达悦园,宝安区新安街道,深房许字（2014）宝安,ec0aac73-0570-4965-b89f-f377661a1a65
深圳市九州房地产开发,万科天誉花园二期9、1,龙岗区龙城街道,深房许字（2015）龙岗,febc44d5-76b1-4f65-bc62-41faf81a38bb
深圳市瑞恒投资发展有,勤诚达悦园,宝安区新安街道,深房许字（2014）宝安,cf8aa07c-d0fc-48ed-9cee-181a6ab28bad
深圳市瑞恒投资发展有,勤诚达悦园,宝安区新安街道,深房许字（2014）宝安,b85b0de5-7bbf-4995-a01f-e2f05307d40d
深圳招商房地产有限公,海上世界双玺花园（二,蛇口望海路南侧,深房许字（2015）南山,bfd62aaa-9f58-4c23-91b5-e859998e0bf6
深圳招商房地产有限公,海上世界双玺花园（二,蛇口望海路南侧,深房许字（2015）南山,2d6096c2-4a20-4080-b4aa-ba8375acd449
深圳招商房地产有限公,海上世界双玺花园（二,蛇口望海路南侧,深房许字（2015）南山,32ebf012-a6df-46ac-b9d8-493ee77ddeae
深圳招商房地产有限公,海上世界双玺花园（二,蛇口望海路南侧,深房许字（2015）003号,0881e7ff-e8ff-4268-bfbd-8bcbaa55215e
深圳市曦湾名苑地产有,曦湾天馥名苑,后海滨路与工业八路交,深房许字（2015）南山,f4b4199f-81d9-4d5d-b49d-531c762d8743
深圳市鹏广达置业有限,山海四季花园,盐田港后方陆域北山大,深房许字(2014)盐田00,f5f148b1-e87b-47f0-8e97-d49921c5e6e8
深圳市曦湾名苑地产有,曦湾天馥名苑,后海滨路与工业八路交,深房许字（2015）南山,70ba822e-b040-4587-b6d2-e9bd2a937a48
深圳市万联嘉投资发展,金域揽峰花园,龙岗区布吉水径,深房许字（2015）龙岗,fdcfbaf0-9dfe-4c6e-a7e3-94b1d3a1750f
深圳市宏发投资集团有,宏发嘉域花园一期,光明新区公明办事处松,深房许字（2015）光明,23e4cb27-3979-47ca-867c-6d68ac33c1ca
深圳市怀德房地产开发,怀德广场,宝安区福永街道,深房许字（2014）宝安,86ed6615-af45-460e-92ad-42941f29b767
深圳市光彩置业有限公,泛海城市广场,南山区兴海大道与前海,深房许字（2014）南山,33c14389-1ead-45c3-a3d7-be365a8cf19a
深圳市京基房地产股份,京基滨河时代广场北区,深圳市福田区滨河大道,深房许字（2015）福田,ef11058b-9c5d-4023-8240-48c220055390
深圳前海卓越汇康投资,前海卓越金融中心（一,深圳市前海深港合作区,深房许字（2015）前海,52c796d9-64cb-41d7-8e5c-1f094353bf40
深圳前海卓越汇康投资,卓越前海金融中心（一,深圳市前海深港合作区,深房许字（2015）前海,827c75ad-5d3f-40c8-8c0d-df03b76bd5f1
深圳市城市建设开发（,仁山智水花园（三期）,龙华新区观澜办事处环,深房许字（2015）龙华,3067d3f0-873d-4362-b14d-abc87a44cb8b
深圳市松茂房地产集团,松茂御龙湾雅苑,宝安区西乡街道,深房许字（2014）宝安,4822b287-ff99-47f8-87b9-6908e4dc92af
深圳市祥盛房地产开发,华盛盛荟名庭,宝安区新安街道,深房许字（2013）宝安,5c96a6d7-c89c-478e-8ed7-c62adb6c14c3
深圳市松茂房地产集团,松茂御龙湾雅苑（一期,宝安区西乡街道,深房许字（2014）宝安,216f0bf8-dff9-4351-8324-a01f34645db5
深圳市瑞恒投资发展有,勤诚达悦园,宝安区新安街道,深房许字（2014）宝安,00fe7f05-0a50-46b2-8f86-ae0b3465d7c2
深圳市福田房地产有限,锦鸿花园,深圳市光明新区南环大,深房许字(2014)光明00,f3ad80c8-bb93-4bd3-9f48-ec82c4a72061
深圳市盘龙投资发展有,同创九著院,龙岗区龙城街道龙平西,深房许字（2015）龙岗,d32043cb-6f83-414c-b8d1-0d39a358f0be
深圳市生良房地产开发,尚水天成花园,龙岗布吉街道,深房许字（2014）龙岗,afeb7364-b1ca-47bb-83ed-4a7dc15678b7
深圳市泰富华天峦湖置,天峦湖花园,深圳市坪山新区坪山街,深房许字(2015)坪山00,5fc28fae-760b-4103-920b-4e128beb9a05
深圳市骏泰房地产开发,金汐府,龙岗区龙岗街道,深房许字（2014）龙岗,21a9f814-6a38-4b50-a149-4b70ebd43613
深圳市信旺房地产开发,信义荔山御园,龙岗区布吉街道罗岗社,深房许字（2015）龙岗,8fa10992-6c32-4ded-9070-a11bf3ae7e1d
深圳市宇宏投资集团有,岭宏健康家园,龙岗区南湾街道,深房许字（2015）龙岗,c3ea942f-ce84-4ba9-a3c2-7832ca0538f5
深圳市博住置业有限公,水映山岸公馆,望海路与金世纪路交汇,深房许字（2015）南山,f9506f31-41d8-4cf5-8b2f-01ce250cc126
深圳市同和工贸有限公,同和凤凰花苑,宝安区福永街道白石厦,深房许字（2015）宝安,0dd7cf56-c1f7-4824-8451-1e006c02aa84
深圳市腾龙达实业有限,仙岭居,龙岗区龙岗街道南联碧,深房许字（2015）龙岗,76ea300e-8273-4801-884b-4caad8b56ac2
深圳市鹏宝东物业发展,悠山美地家园,深圳市龙华新区大浪街,深房许字（2015）龙华,57475152-1c8b-4407-8321-76e6a4e3b60d
深圳市六和房地产开发,六和商业广场一期,坪山新区坪山街道深汕,深房许字（2015）坪山,ea7dec15-e546-41f0-b960-7280d690f8cd
深圳市龙园凯利恒丰房,龙园创展大厦,罗湖区解放路与宝安南,深房许字（2015）罗湖,2a92a55f-652a-45da-8f41-9797e207d230
深圳市博住置业有限公,水映山岸公馆,望海路与金世纪路交汇,深房许字（2015）南山,7d96726a-596a-4d76-a06b-a452ab7b781f
深圳泛亚房地产开发有,中骏蓝湾翠岭花园一期,龙岗区龙岗街道同乐社,深房许字（2015）龙岗,4ca5fe0d-9a2a-49e7-b52e-a55ded447cfb
深圳坪山招商房地产有,招商花园,深圳市坪山新区坪山兰,深房许字（2015）坪山,15472ee1-1334-43d0-8135-76d271d07cc5
深圳市福中福房地产开,幸福港湾御品居,宝安区西乡街道西乡大,深房许字（2014）宝安,14baa7af-59ac-4b65-9e9d-689a98510aa3
深圳市坚得利实业有限,滨海盛世名苑,大鹏新区大鹏街道王母,深房许（2014）大鹏00,76d25718-53ea-46f9-88c8-d17b35949e19
深圳市福中福房地产开,幸福港湾御品居,宝安区西乡街道西乡大,深房许字（2014）宝安,5c0e9596-9be8-422f-9ae7-745f83664b7f
深圳市瑞恒投资发展有,勤城达悦园,宝安区新安街道,深房许字（2014）宝安,c13af29e-51d6-4359-83a8-720fb2ee2f62
深圳市富通房地产集团,瑞尚居,宝安区西乡街道,深房许字（2013）宝安,d8faab44-9499-4fa1-8b18-99621128bf2f
深圳市瑞恒投资发展有,勤诚达悦园,新安街道创业二路与创,深房许字（2014）宝安,24d20eb0-eba8-4368-a121-3c2b3ee6e1db
深圳市盛迪嘉房地产开,盛迪嘉光明壹号花园（,光明高新区科发路西侧,深房许字（2014）光明,0a6b86c1-75e3-4c20-a005-21e14ff88dfd
深圳市盛迪嘉房地产开,盛迪嘉光明壹号花园（,光明高新区西区科发路,深房许字（2014）光明,080e33ba-c815-45dc-a6b6-1569e41e3067
深圳中海地产有限公司,尖岗山名苑二期B区,西乡街道,深房许字（2014）宝安,1cc8f61f-54a7-43dc-a58b-449c033b40f9
深圳市诚品地产有限公,水湾壹玖柒玖广场（二,荔园路与太子路交汇处,深房许字（2014）南山,62c9ecdc-485f-456e-b684-6ebba0ace50b
深圳市华盛置业有限公,华盛新沙荟名庭（二期,宝安区沙井街道,深房许字（2014）宝安,141a421a-7eb8-470b-9042-917cafad0c92
深圳市诚品地产有限公,水湾壹玖柒玖广场（二,荔园路与太子路交汇处,深房许字（2014）南山,d49b9502-212b-40c4-8d2b-5a4768c27efb
深圳市诚品地产有限公,水湾壹玖柒玖广场（一,荔园路与太子路交汇处,深房许字（2014）南山,ab5d51df-2986-4219-8379-ed42e40933bd
深圳市力高大道置业有,力高君御花园,坪山新区中山大道与锦,深房许字（2014）坪山,e88f5572-a6c8-4bf6-ab75-4a685e209f2c
深圳市汉森房地产开发,吉祥龙花园,科苑南路与工业七路交,深房许字（2014）南山,4d1af6b2-10d2-41b5-a7ae-3e472043c4e7
深圳市富通房地产集团,瑞尚居,宝安区西乡街道,深房许字（2013）宝安,04b3c2d7-12b9-4984-808f-3b5bb0027626
深圳市地铁集团有限公,地铁前海时代广场,前海深港合作区滨海大,深房许字（2014）前海,26278b73-a2ab-415f-87f1-5c7c0a945c00
深圳市龙盛豪庭投资有,岸上林居,龙岗区龙城街道,深房许字（2014）龙岗,88c4f12f-bd25-4a15-8751-68aac6648f17
深圳市富通房地产集团,瑞尚居,宝安区西乡街道,深房许字（2013）宝安,a7f5de9c-937f-4eda-87cd-b53f8aa3964d
深圳市鹏达房地产开发,河岸轩,龙岗镇盛平村,深房许字（2014）龙岗,11dafb2e-b8f8-497c-a62b-c8fc709365fa
深圳市承翰投资开发集,半山海花园,大鹏新区葵涌办事处土,深房许字（2014）大鹏,49046ebe-6aba-4a3f-8a2d-f156fc743a23
深圳市富通房地产集团,瑞尚居,宝安区西乡街道,深房许字（2013）宝安,fca9b200-2461-4096-ba49-ff215261c429
深圳市富通房地产集团,瑞翔居,宝安区航城大道与固兴,深房许字（2013）宝安,0a57d6c7-3520-4208-b2bf-87254d973741
深圳市怀德房地产开发,怀德广场,福永街道,深房许字（2014）宝安,7c5cbdab-7ba0-4102-b533-5a40b0b9d9fe
深圳市怀德房地产开发,怀德广场,福永街道,深房许字（2014）宝安,f9184cbd-5cac-489d-85ee-62254d37c5ab
深圳市特区建设发展集,铂寓轩,深圳市宝安区新安六路,深房许字【2014】宝安,937494c5-2fe7-4dea-86dd-ff4d2cf38570
深圳市怀德房地产开发,怀德广场,宝安区福永街道,深房许字(2014)宝安02,9765e8ff-0052-404a-b3c0-bf42a22ce674
深圳市怀德房地产开发,怀德广场,福永街道107国道,深房许字（2014）宝安,0da81d01-4ff3-4db3-8e1b-af5ac7654b77
深圳市投资控股有限公,深圳湾科技生态园,南山区白石路与沙河西,深房许字（2014）南山,6a7f400e-a630-4bea-bead-9e31eb2abdcd
深圳市金安城房地产开,星航华府（三期）,深圳市宝安区福永街道,深房许字（2014）宝安,3bc1c712-7af5-4d1e-9971-efea4a53e77f
深圳市万联嘉投资发展,金域揽峰花园,龙岗区布吉街道,深房许字(2014)龙岗04,90afbf28-b325-4865-95d2-4b56db5a19e6
深圳市世基房地产开发,嘉悦山花园,龙岗区坂田街道,深房许字（2014）龙岗,952b88b8-7349-4a32-bdf7-465fdd19102c
深圳市金安城投资发展,星航华府三期,宝安区福永街道兴围路,深房许字（2014）宝安,d07c2392-0660-435b-b530-c5db37c078bd
深圳宝源创建有限公司,海航国兴花园,龙岗区龙岗街道,深房许字（2014）龙岗,b7b09427-8d2c-4b58-9992-f80c154919de
深圳市龙华上塘股份合,星河传奇花园一期,龙华新区民治街道上塘,深房许字（2014）龙华,2632f325-05d2-4d94-9757-18e98a097d54
深圳市宏发房地产开发,都汇大厦,宝安石岩街道,深宝房许字（2014）宝,22225a46-d920-4070-bca6-0e6223b912af
深圳市宏发房地产开发,都汇大厦,宝安石岩街道,深房许字（2014）宝安,8f7bd131-7674-4320-9411-69c73a3a75e5
深圳市宏发房地产开发,都汇大厦,宝安石岩街道,深房许字（2014）宝安,c013ccb7-05e3-44d8-ae3d-6e41be0b8aea
深圳市宏发房地产开发,都汇大厦,深圳市宝安区石岩街道,深房许字（2014）宝安,a4b612be-8a1d-4c23-95a3-73be52acc9b4
深圳市宏发房地产开发,都汇大厦,宝安石岩街道,深房许字（2014）宝安,fa1ef442-9ed3-473c-b73d-bf2855ca0918
深圳市聚龙湾投资发展,公园里花园三期,龙岗区南湾街道,深房许字（2014）龙岗,c6692d48-b17c-44ab-8774-6f41b9d16f31
深圳市盘龙投资发展有,同创九著院,龙岗区龙城街道,深房许字（2014）龙岗,75da65f7-431b-4ed7-94c0-d074ebb469b4
深圳市富通房地产集团,瑞尚居,宝安区航城大道与固兴,39848.72,a9927010-4c76-43ab-aba3-c783553e9710
深圳天安骏业投资发展,天安云谷产业园一期,龙岗区坂田街道,深房许字（2014）龙岗,e871338d-5859-48f3-b7f3-c05c2c17d9e0
华润置地（深圳）有限,华润城润府（二期）,深南路与铜鼓路交汇处,深房许字（2014）南山,7162ceca-8b5d-4c15-b6a8-3989beb7436d
深圳市特发集团有限公,和平里花园II期,民治办事处和平路,深房许字（2014）龙华,42a3b93e-4ad1-4976-b181-170d22e2a0d0
深圳市龙嘉房地产有限,龙禧雅苑,龙岗区龙城街道,深房许字（2014）龙岗,aa21a9b8-4b5d-4ad1-bef4-ac4836d6a199
深圳市秋铭投资发展有,峰荟花园（一期）,光明新区南环大道南侧,深房许字（2014）光明,70a6b21f-30ac-4630-b962-f795e5842f0f
深业泰富物流集团股份,博窿大厦,罗湖区清水河一路南侧,深房许字（2014）罗湖,5558c898-89fe-46f5-8f1a-dc79a6495898
深圳市国正向前投资发,龙年大厦,龙岗区龙岗街道,深房许字（2014）龙岗,6c0fbcd0-6452-4e95-b951-6f0e7127783c
深圳市金地北城房地产,金地塞拉维花园北区,龙华新区观澜办事处辖,深房许字（2014）龙华,afe4e88c-f9ca-484b-9d2f-57f05721d76c
深圳市安泰城投资发展,中通半山半海花园,盐田港同富裕路,深房许字（2014）盐田,ed285a22-9e6c-4fd8-b08b-8edca51adbdb
深圳市地铁集团有限公,地铁前海时代广场,前海深港合作区滨海大,深房许字（2014）前海,1a8a92d5-a0f8-433a-a7ba-832f448f6795
深圳雅宝房地产开发有,星河银湖谷花园,龙岗区坂田街道,深房许字（2014）龙岗,6cec21a8-c340-4742-87f0-1a88f3e3f5a8
深圳中海地产有限公司,中海锦城花园南区,龙华新区民治上塘,深房许字（2014）龙华,77563c06-2dc9-43ed-9be5-d2341b28b139
深圳市地铁集团有限公,地铁前海时代广场,前海深港合作区滨海大,深房许字（2014）前海,f1d30b48-44d6-4cf1-b93d-e31f068e7b2f
深圳博林集团有限公司,博林天瑞花园（一期）,留仙大道和平山一路交,深房许字（2014）南山,cb035eae-7236-46f5-9be9-d2d21f3beffd
深圳市光明商业中心开,新地中央花园,深圳市光明新区光明大,深房许字（2014）光明,3481251d-4914-4ac9-adee-d322fda561ca
深圳市万联嘉投资发展,金域揽峰花园,龙岗区布吉街道,深房许字（2014）龙岗,aebce649-e04e-4fd3-90fc-468ed90d8932
深圳市京基房地产股份,京基御景印象家园项目,深圳市坪山新区坪山街,深房许字(2014)坪山01,f7ad2f62-0823-4d14-8dac-4a88a2f6bb6e
广东省水电集团有限公,新城东方丽园,深圳市坪山新区坪山街,深房许字（2014）坪山,7ff61dbc-7da3-4607-a911-53f351b63f42
深圳市世基房地产开发,嘉悦山花园,龙风区坂田街道,深房许字（2014）龙岗,1ee40e1e-8dde-44a7-98f1-97c43f18bdce
深圳市城市建设开发(集,御湖峰家园,罗湖区沿河北路与爱国,深房许字（2014）罗湖,b508ba34-e7d8-4654-a165-4e370ef75677
深圳市城市建设开发(集,御湖峰家园,罗湖区爱国路与沿河路,深房许字（2014）罗湖,e546cc00-8a1b-4647-8f53-e446aed551d6
深圳市曦湾名苑地产有,曦湾天馥名苑,后海滨路与工业八路交,深房许字（2014）南山,2e418a32-b459-4b52-8f28-615e14f85af6
华润（深圳）地产发展,银湖蓝山润园一期,罗湖区北环大道（二线,深房许字（2014）罗湖,1f3c052e-52db-4ce1-a1fc-88ecb0b5eb87
华润置地（深圳）有限,大涌商务中心（三期）,深南路与铜鼓路交汇处,深房许字（2014）南山,3f28efcf-0d0a-4d2c-8e33-35f09d32644b
深圳坪山招商房地产有,招商花园,深圳市坪山新区坪山兰,深房许字（2014）坪山,9d8d971d-ca59-4cb7-9450-e67436c90922
深圳市港城建业房地产,御景台雅园,盐田区后方陆域西南片,深房许字（2014）盐田,007726a3-6067-4a74-8616-f41bfed8d072
深圳市阳光华艺房地产,流塘阳光花园,深圳市宝安区西乡前进,深房许字（2014）宝安,719b640f-a34f-4d9c-b9ca-3d4304716883
深圳市阳光华艺房地产,流塘商务大厦,深圳市宝安区西乡前进,深房许字（2014）宝安,ec024204-4768-4d1b-bc2d-6e8c6c336e1f
深圳市绿景房地产开发,虹湾花园,福田区北环大道北侧,深房许字（2014）福田,ae123b71-2b9d-49f0-a9e9-800f1543736f
深圳市山海情置业有限,前海康城华府,兴海大道与沿山路交汇,深房许字【2014】南山,1ad2562c-0681-4430-8d57-4216fa2e658d
威新地产（深圳）有限,金地威新公寓,科技南路与高新南十路,深房许字（2014）南山,d5a35f24-a872-4c17-842b-73c17e13751a
威新地产（深圳）有限,金地威新公寓,科技南路与高新南十路,深房许字（2014）南山,4b379e82-372c-4360-90f1-68a6988bbaad
威新地产（深圳）有限,金地威新公寓,科苑南路与高新南十道,深房许字（2014）南山,2a894c16-e63a-41b8-b277-bd8a6fb1bfb9
深圳中海地产有限公司,尖岗山名苑二期B区,宝安区西乡街道,深房许字（2014）宝安,5f026943-36c2-4385-97ec-b9a96385e48e
深圳市宝盛实业有限公,科大雅苑,学苑路与麦地巷路交汇,深房许字（2014）南山,352cf968-7a6d-4477-854b-b43a11b830b0
深圳市宝盛实业有限公,科大雅苑,学苑路与麦地巷路交汇,深房许字（2014）南山,3eb3afd7-177a-432e-9c85-e104703069ee
深圳市新创基投资发展,新木半里大厦,龙岗区平湖街道,深房许字（2014）龙岗,c952ffce-9370-43b7-aa95-eb185ed511c5
深圳中海地产有限公司,尖岗山名苑二期B区,宝安区西乡街道,深房许字（2014）宝发,bbdcae53-690e-4022-b6b8-75bbf36d71dc
深圳市宝盛实业有限公,科大雅苑,学苑路与麦地巷路交汇,深房许字（2014）南山,f45a0bc6-4b43-49f1-9680-6e4615783230
深圳市信贤房地产开发,嘉御豪园,龙岗区坂田街道,深房许字（2014）龙岗,3e2ebb93-2740-4531-8c3d-827e8ed6da64
深圳市宝盛实业有限公,科大雅苑,学苑路与麦地巷路交汇,深房许字（2014）南山,92731ce0-93f2-45bd-a52d-9eda011f0d2e
深圳市宝盛实业有限公,科大雅苑,学苑路与麦地巷路交汇,深房许字（2014）南山,9bee755b-a889-45cd-94fd-3c3517060a6e
深圳市宝盛实业有限公,科大雅苑,学苑路与麦地巷路交汇,深房许字（2014）南山,718c5329-f723-432c-88fa-31a893e04395
深圳市宝盛实业有限公,科大雅苑,学苑路与麦地巷路交汇,深房许字（2014）南山,5bcc8750-f48a-4a65-af62-0fb0b9962449
深圳市嘉盈鑫实业有限,中南明珠苑,龙岗区布吉街道,深房许字（2014）龙岗,3b6218e8-ddf7-4bd9-97b9-2832f30658a0
深圳市山海情置业有限,前海康城华府,兴海大道与沿山路交汇,深房许字（2014）南山,ead7397c-daf0-49b6-b086-24e2d00882c6
深圳天安骏业投资发展,天安云谷产业园一期,龙岗区坂田街道,深房许字（2014）龙岗,6d091c7f-51ad-411a-a0b5-2c27a9999d70
深圳市光彩置业有限公,泛海城市广场,南山区兴海大道南与前,深房许字（2014）南山,f250f753-dd60-4c4e-9cc2-5c563eb436bb
深圳市京基房地产股份,京基御景印象家园,深圳市坪山新区坪山街,深房许字（2014）坪山,231f941f-4276-4e59-94f3-687f44ae4988
深圳市京基房地产股份,京基御景印象家园,深圳市坪山新区坪山街,深房许字（2014）坪山,9711ae5c-d0fb-49c6-b9b2-84d1d5d2b5f0
深圳中海地产有限公司,尖岗山名苑三期,宝安区西乡街道,深房许字（2014）宝安,9407a62c-8743-4c67-b5c1-d3d56647bdf9
深圳市中海富地物业发,公园上苑,罗湖区东门北路与童乐,深房许字（2014）罗湖,0303bbd4-de91-4e89-b96e-c618f5bdd740
深圳市京基房地产股份,京基滨河时代广场北区,福田区滨河大道与东涌,深房许字(2014)福田00,d5090827-2acb-48f8-9607-98794cf475de
深圳市鼎胜投资有限公,鼎胜金域世家豪园,西丽留仙大道与石鼓路,深房许字（2014）南山,59d0c459-2905-41f9-8d0b-7ee02d6828aa
深圳市安泰城投资发展,中通半山半海花园,盐田区盐田港同富裕路,深房许字（2014）盐田,5d1f7a5e-a8d5-495c-8c76-55fff0e0cf93
深圳市鼎胜投资有限公,鼎胜金城世家豪园,西丽留仙大道与石鼓路,深房许字（2014）南山,f48465dc-1587-45bf-8e64-c9fa7c3b23a1
深圳市龙井实业股份有,鼎胜金城世家豪园,西丽留仙大道与石鼓路,深房许字（2014）南山,5292ebd8-b889-4274-a788-f65c6e70c9d4
华润置地（深圳）有限,华润城润府（一期）,铜鼓路与新世界豪园路,深房许字（2014）南山,6e3f323f-6389-4d89-a3bc-546f408314dd
华润置地（深圳）有限,华润城润府（一期）,铜鼓路与新世界豪园路,深房许字（2014）南山,2468fc9e-8d64-47aa-87ae-61bee2637160
深圳市中洲宝城置业有,中洲华府二期,宝安区新安街道裕安二,深房许字（2013）宝安,d8ab8f00-766f-4cef-a977-c16dd50b590e
深圳泛亚房地产开发有,中骏蓝湾翠岭花园一期,深圳市龙岗区龙岗街道,深房许字（2014）龙岗,68635d3a-256e-4846-92fd-34c3d4bae7e0
深圳冠洋房地产有限公,山海美域花园,前海路与棉山路交汇处,深房许字（2014）南山,24db8570-bebd-440f-92ce-8108df346b7f
深圳祥祺房地产开发有,祥祺滨河名苑,深圳市坪山新区坪河东,深房许字(2014)坪山01,598af82e-8ed1-4a6f-9bae-e4c95f7477b5
深圳市永利鸿盈投资有,龙岐湾御园,大鹏新区大鹏办事处银,深房许字（2014）大鹏,69bf0037-db4b-4f30-8f35-68617b628dba
深圳市华盛置业有限公,华盛新沙荟名庭（二期,深圳市宝安区沙井街道,深房许字（2014）宝安,b6fdabd0-c79d-4e06-9980-c82332c5d4ab
深圳市草围投资有限公,万象新天商务楼,宝安大道与航城大道交,(2014)宝安013号,3f53d3c3-1b2b-46ce-8ccd-8eb2f48bd72e
深圳市福盈置地控股有,福盈中央山花园南区,光明新区公明街道中心,深房许字（2014）光明,ab4b3da1-e4ce-45fa-889d-979daa7732ba
深圳市松茂房地产集团,松茂御龙湾雅苑,深圳市宝安区银田路与,深房许字（2014）宝安,11c4e372-57bd-443a-abbf-6019dd7938f0
深圳市创城投资有限公,宜城风景花园,深圳市龙岗区坪地街道,深房许字（2014）龙岗,f22fa449-77e6-4451-a883-422b460e05fc
深圳市天居基业投资有,笔架山公馆,深圳市福田区林园东路,深房许字（2014）福田,b325cd43-e0f4-45ea-9d9c-2b630bf4e9b3
深圳市松茂房地产集团,松茂御龙湾雅苑,深圳市宝安区西乡中西,深房许字（2014）宝安,6fb3d895-5bc1-490c-acae-aa4717477fd5
深圳市运发集团股份有,运发御景兰庭,莲塘东仙桐路（国威路,深房许字（2014）罗湖,93f6f741-36c3-4204-8927-7031ae4f7ed1
深圳市鹏瑞地产开发有,鹏瑞深圳湾壹号广场（,科苑大道与东滨路交汇,深房许字（2014）南山,d8800395-2723-4361-b82b-5acf619135de
深圳市鹏瑞地产开发有,鹏瑞深圳湾壹号广场（,科苑大道与东滨路交汇,深房许字（2014）南山,8b1bfa22-8eef-4eae-b74f-975fd59c62a1
深圳市鹏瑞地产开发有,鹏瑞深圳湾壹号广场（,科苑大道与东滨路交汇,深房许字（2014）南山,a4949317-72ec-4796-a67d-3a449ec5e9f0
深圳市鹏瑞地产开发有,鹏瑞深圳湾壹号广场（,东滨路与科苑大道交汇,深房许字（2014）南山,05399fa6-94ad-4f59-b9f6-453541a25dd4
深圳市曦湾名苑地产有,曦湾天馥名苑,后海滨路与工业八路交,深房许字（2014）南山,ddad2ec5-4554-48f3-8f3b-cbe7a2c507d5
深圳市光彩置业有限公,泛海城市广场,南山区兴海大道与前海,深房许字（2014）南山,8e63e125-1c4a-4f7c-ae0a-6ef7b20943b6
深圳市聚龙湾投资发展,公园里花园三期,深圳市龙岗区南湾街道,深房许字（2014）龙岗,93e427f8-2acb-4936-91f2-0ec5062b2b43
深圳市大康投资集团有,大康福盈门大厦,深圳市福田区福田路东,深房许字(2014)福田01,adc75fa4-c97c-4a11-aafc-2dd8c3e8c33f
宝吉工艺品（深圳）有,佳兆业中央广场三期,龙岗区坂田街道,深房许字（2014）龙岗,c40740a1-6bcf-4141-ac70-21b806886140
深圳市生良房地产开发,尚水天成花园4、5栋,龙岗区龙岗街道,深房许字（2014）龙岗,172affff-b9e4-4ded-ad1d-1ce1328a8d37
深圳麓园房地产开发有,麓园7栋、6栋,龙岗区龙城街道回龙埔,深房许字（2014）龙岗,55de3cf0-a09b-4bc9-93ab-5b13ae30961d
杨富实业(深圳)有限公,长富金茂大厦,福田区市花路,深房许字（2014）福田,f4b5ca3a-6997-48b8-835c-375e3a7680f7
深圳华侨城房地产有限,锦绣花园四期,华侨城汕头街与开平街,深房许字（2014）南山,19cd2921-2995-45b8-bd4a-da064c128b71
深圳市星都置业有限公,星都豪庭,布吉街道办事处大芬村,深房许字（2014）龙岗,6556c486-a10b-4f21-9d5e-bdecc999d961
深圳万庭房地产开发有,栖棠映山花园,福田区香蜜湖福龙路西,深房许字(2004)福田00,d14ebbbd-52a4-4200-aec4-d8e78e8c494d
深圳市富通房地产集团,瑞尚居,宝安区西乡街道,深房许字（2013）宝安,94522ddf-dfc4-4db2-806e-45a31fb2e728
深圳市富通房地产集团,瑞尚居,宝安区西乡街道,深房许字(2013)宝安01,6f68dd48-701b-46af-9524-93cc1d9c17f9
深圳市嘉福房地产开发,璞岸花园（二期）,大鹏新区大鹏街道大鹏,深房许字（2014）大鹏,77edd5a6-3408-4712-b0ea-8ebe8ff43e84
深圳市金地宝城房地产,金地朗悦花园,深圳市坪山新区坪山街,深房许字（2014）坪山,84783f71-fb11-4607-aafe-5fd570866c06
深圳市金安城投资发展,星航华府,深圳市宝安区福永街道,深房许字（2014）宝安,e5d183d7-fdef-4127-b576-d0da30158289
深圳市金安城房地产开,星航华府（二期）,深圳市宝安区福永街道,深房许字（2014）宝安,ada45b53-b4b2-448e-b8bb-b0871470af14
深圳市华佳业房地产开,华业玫瑰四季馨园一起,龙华新区民治街道人民,深房许字（2014）龙华,50932f21-2cc1-41a9-8278-f6dbbffceff1
深圳市大族基业房地产,大族河山花园一期,龙岗区南湾街道,深房许（2014）龙岗01,17b16453-a87e-4a9d-8da7-73dc8f4ee0b9
深圳市京基房地产股份,云景梧桐花园,深圳市罗湖区莲塘东片,深房许字（2014）罗湖,f1f8b0a1-fd5e-4377-ae4b-3a5f1ead4f3e
深圳坪山招商房地产有,招商花园,深圳市坪山新区丹梓大,深房许字（2014）坪山,89a6f276-f931-4811-b07d-f993de4f79ed
深圳泛亚房地产开发有,中骏蓝湾翠岭花园一期,龙岗区龙岗街道,深房许字（2014）龙岗,47e26917-813c-452d-812d-9617f8baa987
深圳市福盈置地控股有,福盈中央山花园北区,光明新区公明街道中心,深房许字（2014）光明,aa507df3-694a-46d7-936f-b2d11b256ed3
深圳市联投置地有限公,联投东方华府（一期）,宝安区松岗街道,深房许字(2014)宝安01,05fc1a7e-5aa4-4ac3-881a-ba46bd7cbc14
深圳市金城光明房地产,金城大第花园（二期）,宝安区光明镇,深房许字（2014）光明,a321e955-9930-4eea-b56f-e7b5a11faefa
深圳博林集团有限公司,博林天瑞花园（一期）,留仙大道和平山一路交,深房许字（2014）南山,a00239f4-d753-481a-8c25-da7bfc895cb5
深圳博林集团有限公司,博林天瑞花园一期,留仙大道与平山一路交,深房许字（2014）南山,d0be2643-7c2c-45cd-9d56-ff560bcfb51c
民生东都深圳房地产开,东都花园一区二期3栋,龙岗中心城,深房许字（2014）龙岗,f3f50bc6-991e-4106-aa71-9fedb3fdd356
深圳博林集团有限公司,博林天瑞花园（一期）,留仙大道和平山一路交,深房许字（2014）南山,bff1beb5-61cf-4a2d-b2f1-7be7ce8c29c3
深圳博林集团有限公司,博林天瑞花园（一期）,留仙大道和平山一路交,深房许字（2014）南山,9fb723aa-6f18-427e-b276-755cd436a1d7
仁恒置地(深圳)有限公,仁恒峦山美地花园1栋、,龙岗区龙岗街道,深房许字（2014）龙岗,0d132634-fdd6-41ee-a449-45c9f8f36ad7
深圳市卓越康达贸易有,卓越梅林中心广场（南,福田中康路与梅林路交,深房许字（2014）福田,e8518155-0021-4f1b-beed-49c8622640d9
深圳市卓越康达贸易有,卓越梅林中心广场（南,福田中康路与梅林路交,深房许字（2014）福田,673c7a31-70a8-424f-8f9e-0c7791dff25c
深圳招商华侨城投资有,招商华侨城曦城,宝安区新安街道广深高,深房许字（2014）宝安,1a73e9ed-2849-4eff-af4a-3ac0963187c2
深圳中铁粤丰置业有限,中铁诺德公馆一期1号楼,龙岗区坂田街道新围仔,深房许字（2014）龙岗,ded861bd-f12a-4abe-a89b-e7511ff15709
深圳招商房地产有限公,海上世界双玺花园（一,蛇口望海路南侧,深房许字（2014）南山,74c66a82-a308-417e-8a48-1edd5c856071
深圳招商房地产有限公,海上世界双玺花园（一,蛇口望海路南侧,深房许字（2014）南山,42ce5855-dd22-46b4-bc30-85afafbf9262
振昌实业(深圳)有限公,金石雅苑,深圳市宝安区福永街道,深房许字（2013）宝安,e7b603d8-738a-4d9b-b4ee-ee6f42d65a9b
深圳机场地产有限公司,领航城.领翔华府A区,宝安区西乡街道,深房许字（2014）宝安,fa554210-a7b1-400a-bfe8-f9d800ec2aac
深圳机场地产有限公司,领航城领祥华府A区,宝安区西乡街道,深房许字（2014）宝安,4c3b3e97-1ac7-4c7a-a5d3-a68e11f6e041
深圳市富通房地产集团,瑞翔居,深圳市宝安区航城大道,深房许字（2013）宝安,6d99ca5f-323c-4cc2-b594-ccad49cf596a
宝安鸿基地产集团股份,宝翠苑,罗湖街道,深房许字（2014）罗湖,12d1ebfa-72d6-42fb-a608-36204475ddb6
深圳市骏泰房地产开发,金汐府2栋,龙岗区龙岗街道,深房许字（2014）龙岗,d995ed31-ce82-4625-b96c-10d0504237ad
深圳市富通房地产集团,瑞翔居,深圳市宝安区航城大道,深房许字（2013）宝安,937aa215-cf0a-487a-8861-310264bf55c4
深圳市京基房地产股份,京基滨河时代广场北区,福田区滨河路,深房许字（2014）福田,9c6cab0b-5b85-4588-92dd-a0cf0113cb58
深圳市荣丰源投资发展,浩海明球雅居,盐田区永安路与东海道,深房许字(2014)盐田00,ecf86be5-aa2d-49bd-814c-e226b01b7c75
深圳市万悦房地产开发,万科红立方大厦,布吉街道罗岗社区,深房许字（2014）龙岗,51a2c310-e81a-4ac3-ae43-e886ae080d88
深圳市万悦房地产开发,万科红立方大厦,布吉街道罗岗社区,深房许字（2014）龙岗,c4304963-bfa0-43f8-aea0-405c7be1a930
深圳市万科滨海房地产,壹海城一区,盐田海景二路,深房许字（2012）盐田,5a06d0d4-c3ba-485e-a9bb-99e260dae020
深圳市万科滨海房地产,壹海城二区,盐田海景二路,深房许字（2013）盐田,f40f6066-36df-4e13-86c3-ca451e89b58a
深圳市投资控股有限公,深圳市软件产业基地,南山区科苑路与科园路,深房许字（2013）南山,13c66064-48a1-44ca-bb83-baff12dd1f21
深圳市投资控股有限公,深圳湾科技生态园,南山区白石路与沙河西,深房许字（2014）南山,145c3e67-a217-4de5-920e-a58f5276f19c
深圳市香江置业有限公,中洲控股金融中心,南山区后海大道与海德,深房许字（2014）南山,58fdf885-c930-4d7d-8bcc-a5443fcffc56
深圳市香江置业有限公,中洲控股金融中心,南山区后海大道与海德,深房许字（2014）南山,3cebd6e7-f15b-446a-afae-ac419593f217
深圳市香江置业有限公,中洲控股金融中心,南山区后海大道与海德,深房许字（2014）南山,12b9bb18-c30d-4a13-8024-cc9cc683c1dc
深圳市永晋盈投资有限,幸福城润园（二期）,深圳市龙华新区建设路,深房许字（2014）龙华,fdbe5568-0efe-44b7-8f69-7d9b0a7ddede
深圳市香江置业有限公,中州控股金融中心,南山区后海大道与海德,深房许字（2014）南山,89788dea-cc74-45a7-801e-3e6ec7904443
深圳市广盛荣投资有限,万科翡御郡府,宝安区沙井街道,深房许字（2014）宝安,ecbc3924-a3c6-45a4-8147-337d552c3da4
民生东都深圳房地产开,东都花园一区二期2栋,龙岗中心城,深房许字（2014）龙岗,886997fd-3884-42ba-b337-06b08a81c099
深圳市泰富华天峦湖置,天峦湖花园,深圳市坪山新区马峦北,深房许字（2014）坪山,69cef23f-d737-4c73-a342-2c50e04d0b14
深圳市万科滨海房地产,壹海城一区,盐田区深盐路南面海山,深房许字（2012）盐田,57bf3a39-24f6-4f5f-9da1-433d2b46addc
深圳市万科滨海房地产,壹海城二区,盐田区深盐路南面海山,深房许字（2013）盐田,9f32da8a-0da1-404c-b161-932aa3560b0d
深圳市润恒尚园房地产,润恒尚园,西乡中心区（宾隆路、,深房许字（2013）宝安,fd0178a5-5d25-44b5-ad7e-90152c03878c
深圳中海地产有限公司,尖岗山名苑（二期）A区,宝安区西乡龙辉路,深房许字（2014）宝安,df34ab28-373e-4146-a322-3f27d3257c4b
深圳中海地产有限公司,尖岗山名苑（二期）A区,宝安区西乡街道,深房许字（2014）宝安,7b71cfa3-36f6-49f4-bb77-e9f43d1893e1
深圳市京基房地产股份,京基御景印象家园,深圳市坪山新区坪山街,深房许字（2014）坪山,cef58dbe-e66b-4c83-8664-d2f1b0c035bb
深圳市厦村房地产开发,国香山花园（4栋商业）,龙岗区南湾街道,深房许字（2013）龙岗,404994c6-83f9-4216-8915-17b786b226f7
深圳市荷康城房地产开,荷康花园,龙岗区横岗街道,深房许字（2014）龙岗,cebc73b9-0145-4d5a-8638-2a2b0bf578af
深圳市三泰投资有限公,云顶道雅居,盐田区同富裕西北侧,深房地字第7000093625,4c299c58-4232-4dc2-9d5e-b439ac070746
深圳市骏泰房地产开发,金汐府,龙岗区龙岗街道,深房许字（2014）龙岗,1e8b1907-a4eb-48cc-9d5f-a2b3f1640515
深圳机场地产有限公司,领航城领翔华府B区,宝安区西乡街道,深房许字（2014）宝安,5b7e432c-41e1-4438-b78e-ad321474e9b6
深圳机场地产有限公司,领翔华府,宝安区西乡街道,深房许字（2014）宝安,84e96ca4-d217-4dd6-9b4b-d76d9fb43db7
深圳市润恒尚园房地产,润恒尚园,宝安区西乡街道,深房许字（2013）宝安,3d13b113-b4fb-46d8-9302-c0949e5c69d3
深圳市蛇口湾厦实业股,栖游家园,南山区后海大道,深房许字（2012）南山,09f75316-69d8-4681-a97b-77e5790f7de3
东港实业发展（深圳）,君临海域名园（二期）,盐田区海景二路与海山,深房许字（2014）盐田,9dfca1c5-8514-43fa-a6c5-2abaf3bf70ef
深圳市六和房地产开发,六和商业广场一期,深圳市坪山新区坪山街,深房许字（2014）坪山,32ad5fb8-5b61-459c-b035-594ab9dc0948
深圳市华侨城酒店置业,前海頥大厦,宝安中心区N26区宝兴路,深房许字（2013）宝安,4bd55336-6336-4459-9efb-7d3a55b9926c
深圳泛亚房地产开发有,中骏蓝湾翠岭花园一期,龙岗区龙岗街道,深房许字（2014）龙岗,eed9668c-ee95-4218-a693-5cb99d9c6f5e
深圳市辉豪乐投资发展,云尚公馆,福田区燕南路西振中路,深房许字(2014)福田00,e4380a21-cf4f-4f3d-b906-1afab2775a9b
深圳市辉豪乐投资发展,云尚公馆,福田区燕南路西振中路,深房许字(2014)福田00,ab8c5c18-7391-4f54-be83-b43e08ad80ac
深圳市信义房地产开发,信义御城豪园,龙岗区横岗街道,深房许字（2014）龙岗,f2ebea1b-b5ed-46cc-a8eb-52644b917dcc
深圳市信义房地产开发,信义御城豪园4栋,龙岗区横岗街道龙岗大,深房许字（2014）龙岗,7582252b-a7b8-46c2-9856-5998f6ddf1d8
深圳市天悦房地产开发,天悦湾花园,西丽同发路与留仙大道,深房许字（2014）南山,5d3744dd-1906-4b3d-b476-e346da419cc0
深圳市新润园房地产开,理想公馆,福田区梅林,深房许字(2014)福田00,0427f71a-e57a-45a7-9e36-eb09f9779565
深圳市新润园房地产开,理想时代大厦,福田区梅林梅林路,深房许字(2014)福田00,1d8679c6-ac1c-48d9-abe2-b9fd4e6a5eee
深圳市厦村房地产开发,国香山花园5栋,龙岗区南湾街道,深房许字（2014）龙岗,36ce68de-732f-418f-b371-633a14b29f07
中国长安汽车集团深圳,福安雅园,龙华新区观澜福前路东,深房许字（2013）龙华,484d2df0-f2b8-473c-841d-282bafa7f205
深圳市金安城房地产开,星航华府（一期）,深圳市宝安区福永街道,深房许字（2014）宝安,91911454-a050-45db-8c9a-09b4a4bd585e
深圳坪山招商房地产有,招商花园,深圳市坪山新区坪山兰,深房许字（2014）坪山,c4d80dda-6e68-4235-8280-21c68e5c6f8a
深圳市下水径投资有限,海心汇福园,龙岗区布吉街道,深房许字（2013）龙岗,11cb0646-36ef-4ba2-817c-967b580e456b
深圳市金安城投资发展,星航华府一期,深圳市宝安区福永街道,深房许字(2014)宝安00,182aa50d-95b7-4756-aa1a-e973128fdb69
深圳麓园房地产开发有,麓园,龙岗区龙城街道回龙埔,深房许字（2014）龙岗,d0190e0f-a538-437a-b32d-44226c9149f0
深圳市天耀投资发展有,名门华府,宝安区新安街道罗田路,深房许字(2014)宝安00,5c2aabeb-8626-4e5c-bc0c-9777f517498c
广东省水电集团有限公,新城东方丽园,坪山新区坪山街道汤坑,深房许字（2014）坪山,ebe58f1d-4574-4883-b308-81840295b098
深圳市五联百合房地产,百合山水别苑,龙岗区龙城街道五联社,深房许字（2014）龙岗,67a19ae2-a8f2-4a35-b634-74360c85a167
深圳市振业（集团）股,振业峦山谷花园二期,龙岗区宝荷路,深房许字（2014）龙岗,2faaa517-f133-463f-85eb-2b4aa3e31faf
深圳坪山招商房地产有,招商花园,深圳市坪山新区坪山兰,深房许字（2014）坪山,509a09ad-21fc-4278-a272-23adc0c11248
深圳招商华侨城投资有,招商华侨城曦城,宝安区新安街道广深高,深房许字（2014）宝安,2a97ad8c-7580-447f-8087-1f858cb161ae
深圳市信贤房地产开发,嘉御豪园,龙岗区坂田街道,深房许（2014）龙岗00,ffb72b68-7339-4d92-9420-df5535c69fe3
深圳市渔丰实业股份有,幸福万象大厦,罗湖区春风路南渔民村,深房许字（2014）罗湖,35edf879-064d-4303-bf77-a1beb230e4bb
深圳市中熙房地产开发,中熙香缤山花园（三期,宝安区西乡街道凤凰岗,深房许字（2014）宝安,4d3bec67-78e3-4f04-923a-14c6ca86b42a
深圳市中熙房地产开发,中熙香缤山花园,宝安区西乡街道凤凰岗,深房许字（2014）宝安,1a93bf91-0b7f-4cef-9927-fd889450ef3e
深圳市悦峰投资有限公,佳兆业悦峰花园,龙岗区坂田街道办,深房许字（2014）龙岗,252f434e-f115-47a3-877a-4ed4c17cb03c
深圳市中熙房地产开发,中熙香缤山花园（三期,宝安区西乡街道凤凰岗,深房许字（2014）宝安,17aad099-cebd-41bc-8d5a-cf7c998ea6ba
深圳市康达尔(集团)股,康达尔山海上园（一期,宝安区西乡铁仔山郊野,深房许字（2014）宝安,9799b3fa-a967-4c9b-8df5-b7369caf065e
深圳市鹏瑞地产开发有,鹏瑞深圳湾壹号广场,南山科苑大道与东滨路,深房许字（2013）南山,db6aae72-a141-47ce-8f34-ef332895c9be
广东省水电集团有限公,新城东方丽园,深圳市坪山新区坪山街,深房许字（2014）坪山,850ac94d-7365-4e6a-b443-f7aeedd82647
深圳市恒丰浩森房地产,御景水岸花园,深圳市宝安区福永街道,深房许字（2013）宝安,bd99d78c-3fe9-4de6-909b-60208771af0b
深圳市恒丰浩森房地产,御景水岸花园,深圳市宝安区福永街道,深房许字（2013）宝安,95821584-e28f-4e37-9dfe-79756d835e71
深圳市恒丰浩森房地产,御景水岸花园,深圳市宝安区福永街道,深房许字（2013）宝安,de029cd8-edfe-4db0-bd11-507e6597d717
深圳冠懋房地产集团有,蓝郡西堤花园,海景路与金融路交汇东,深房许字（2013）盐田,736c7474-a7b0-4033-8bbc-2f950a024749
深圳冠懋房地产集团有,蓝郡西堤花园,海景路与金融路交汇东,深房许字（2013）盐田,42caf600-6441-45db-bda3-f3ef1f1dbe80
深圳市颂德房地产开发,颂德花园,深圳市福田区下梅林二,深房许字（2013）福田,d6212927-80b1-4c5b-8c1e-c238a2d09ad9
深圳市五联百合房地产,百合山水别苑,龙岗区龙城街道五联社,深房许字（2013）龙岗,5f61eecf-3d67-45ab-a073-f678436ccf5d
深圳市万科滨海房地产,壹海城三区（1期）,海景路,深房许字（2013）盐田,b7a33b70-3166-4dd1-98d5-c6177445b56b
深圳市万科滨海房地产,壹海城三区（1期）,海景二路,深房许字（2013）盐田,6bfc0c43-6bee-4031-8d38-a07571fab19a
宝吉工艺品（深圳）有,佳兆业中央广场三期,龙岗区坂田街道,深房许字（2013）龙岗,bb92a7d2-7fb2-4dab-bc1a-9a8e31acd40f
深圳市祥盛房地产开发,华盛盛荟名庭,宝安区新安街道上川路,深房许字（2013）宝安,cceaecb4-2d05-499f-9627-854a8d52e691
深圳市华兴广实业有限,熙璟城豪苑,深圳市平湖街道富安大,深房许字（2013）龙岗,85a5c86c-7acc-45a1-8500-3fdd7ef68c3e
深圳市京基房地产股份,京基滨河时代广场北区,深圳市深南东路5016号,深房许字（2013）福田,0b8f80c0-8695-4638-8bf6-12b8176fe045
深圳市富通房地产集团,瑞翔居,深圳市宝安区航城大道,深房许字（2013）宝安,68640c58-8d34-48d1-8391-7dcef8ce4f22
深圳市富通房地产集团,瑞翔居,宝安区航城大道与固兴,深房许字（2013）宝安,8fc33fae-72cc-499c-b0e0-7d90f7d5829e
深圳市厦村房地产开发,国香山花园,深圳市龙岗区南湾街道,深房许字（2013）龙岗,fc0838d5-0c6f-4f76-8fe7-769c6219bd58
深圳市富通房地产集团,瑞翔居,宝安区航城大道与固兴,深房许字（2013）宝安,a165dd12-f47e-46e2-bc7b-bda66b6bc631
深圳市富通房地产集团,瑞翔居,深圳市宝安区航城大道,深房许字（2013）宝安,a7533cd1-0acd-48f8-bd02-ad92fef003c0
深圳市富通房地产集团,瑞翔居,深圳市宝安区航城大道,深房许字（2013）宝安,68ddb2b7-96b6-42ac-9171-dc5fd633da68
深圳冠洋房地产有限公,山海美域花园,南山区前海路与棉山路,深房许字（2013）南山,496149ae-aea4-47e7-bd5f-d6641d44cd8b
深圳市世纪旭源投资发,旭源怡景轩,龙岗区龙岗街道,深房许字（2013）龙岗,6ff3e471-e848-4072-945f-46f7d279be92
深圳市中云投资发展有,翡翠海岸花园,深圳市南山区中心路与,深房许字（2013）南山,6edcc3be-d752-4dc8-8dd0-ffdd6161c96b
深圳市深房集团龙岗开,深房尚林花园,龙岗区龙岗街道,深房许字（2013）龙岗,057c9ad2-14a9-4d6d-b0b5-80ed96690736
深圳市振业（集团）股,振业峦山谷花园二期,龙岗区龙岗镇,深房许字（2013）龙岗,f5b67a2c-a47d-43e3-9082-864559702a23
深圳市深润川实业有限,鸿威鸿景华庭,龙岗区龙城街道,深房许字（2013）龙岗,dbcdb7b1-27ae-46d4-b266-a07cd8b691ef
深圳市东海成投资有限,梧桐翡翠花园,沙头角中青一路,深房许字（2013）盐田,5ca08ed1-6d5c-496d-976e-5cc42e9cbd55
深圳市华来利投资控股,山语清晖花园,福田区福龙路西侧,深房许字(2013)福田00,24cd29a8-67b3-4bf4-9542-91db039acb8a
深圳坪山招商房地产有,招商花园,深圳市坪山新区坪山兰,深房许字（2013）坪山,9b26f2b5-6720-4d7f-8ecf-1afe9504d5a7
深圳市安鸿兴投资发展,安鸿峰景苑,龙岗区南湾街道,深房许字（2013）龙岗,cb4100b7-3edf-492c-b361-a75a276c16f9
深圳市富通房地产集团,瑞尚居,宝安区航城大道与固兴,深房许字（2013）宝安,24eed42a-2350-437e-a937-d9139a6a40f0
民生东都深圳房地产开,东都花园一区,龙岗中心城,深房许字（2013）龙岗,4d895ee0-04c7-4d75-aa06-529f9a82a383
深圳市粤宝实业发展有,瑞泽佳园,龙岗区横岗街道六约社,深房许字（2013）龙岗,17c80114-2df6-476f-8b0b-7ce8af0fbcb1
深圳市金地宝城房地产,金地朗悦花园,深圳市坪山新区坪山街,深房许字（2013）坪山,dd6f5b0b-d604-4dfc-ba90-0c8efe07a76b
深圳市润创兴投资有限,润创兴时代公寓,龙岗区坂田街道,深房许字（2013）龙岗,b5cde7da-eefb-4056-aa6f-340cefa4000f
深圳市惠明盛房地产投,香林世纪华府,龙岗区坪地街道,深房许字（2013）龙岗,35a1b545-a34c-4a37-821a-c90fac94ed0c
深圳市森之润投资发展,爱心家园,龙华新区观光路与平安,深房许字（2013）龙华,aa09b033-b506-4109-b595-f70c179d5578
深圳市地铁集团有限公,龙瑞佳园,深圳市南山区兴海大道,深房许字（2013）南山,92ffd0fc-2ae2-4d73-a61e-fea83244c854
深圳市满京华投资集团,满京华喜悦里华庭二期,深圳市龙岗区龙岗街道,深房许字(2013)龙岗03,d62836c2-e536-423f-ac33-ef9ebd11e9cb
深圳市新世界房地产开,四季御园,罗湖区罗沙公路南侧,深房许字(2013)罗湖00,eab39fec-6dad-44e4-abb7-bd1931da84a9
深业泰富物流集团股份,博兴大厦,罗湖区清水河1路,深房许字{2013)罗湖00,cd37733a-3520-47b9-88fe-d5e928636581
深圳中海地产有限公司,尖岗山名苑,深圳市宝安区西乡龙辉,深房许字（2013）014号,3a3986f8-5bd2-4d25-8030-b4efedf41c7d
深圳中海地产有限公司,尖岗山名苑一期,深圳市宝安区龙辉路,深房许字（2013）宝安,e22f956a-8da7-4e2c-b7fe-2378fd5c2e20
天基房地产开发(深圳),远洋新干线晶钻广场2栋,龙岗区龙岗街道,深房许字（2013）龙岗,2d555e08-3f5e-49ca-ae63-7a149e5e3590
深圳市光明集团有限公,和润花园,深圳市光明新区公园路,深房许字（2013）光明,40a02678-a48d-4adf-a3a3-acf3f3db0be2
深圳市悦峰投资有限公,佳兆业悦峰花园,龙岗区坂田街道,深房许字(2013)龙岗03,8426bc83-99a2-471e-b7ce-bb704846b5f0
深圳宝源创建有限公司,海航国兴花园,龙岗区龙岗街道,深圳许字（2013）龙岗,1af10330-23a5-43fd-ba5e-9af01812c0a5
深圳市万鸿嘉投资发展,金域中央花园一期,龙岗区布吉街道,深房许字（2013）龙岗,240e8c75-1607-4f93-8996-9efd60377fd9
深圳市和诚鸿业投资发,金域上郡花园,龙岗区布吉街道,深房许字（2013）龙岗,ca4a86bc-5565-4d63-aff7-4642ee228245
深圳市荷康城房地产开,荷康花园,龙岗区横岗街道,深房许字（2013）龙岗,203944cd-e735-43b2-8a40-8a2ff21f3288
深圳经济特区房地产(集,深房传麒山,深圳市光明新区高新园,深房许字（2013）光明,716cf4ba-10c2-4db2-a7ff-9fe5b3faa2d1
深圳经济特区房地产(集,深房传麒山,深圳市光明新区高新园,深房许字（2013）光明,db8f5149-74a7-4a6b-8f60-47df14cda220
深圳经济特区房地产(集,深房传麒山,深圳市光明新区高新园,深房许字（2013）光明,1bc14a13-bc6a-40c7-b07b-471c5acc0b4a
深圳经济特区房地产(集,深房传麒山,深圳市光明新区高新园,深房许字（2013）光明,adf6a00e-86f0-405d-9271-fb9987d80bf8
深圳市永晋盈投资有限,幸福城润园（三期）,深圳市龙华新区清泉路,深房许字（2013）龙华,f814f79a-b9ea-4522-a006-8c03e26ad85f
深圳市金城光明房地产,金城大第,宝安区光明镇,深房许字(2013)光明00,8eeacc7f-7b3c-4062-a9d5-96e8ec551fe3
深圳市万悦房地产开发,万科红悦花园,龙岗布吉街道,深房许字（2013）龙岗,da5af271-2106-4477-b861-4c40feac2e8a
深圳市万悦房地产开发,万科红悦花园,龙岗布吉街道,深房许字（2013）龙岗,2cf51361-4325-490f-b43e-ead4ddfdaaf7
深圳市雅豪园投资有限,保利上城花园,龙岗区龙城街道爱联社,深房许字（2013）龙岗,d262880a-96ca-4034-a9a0-485d3a703629
深圳市众联业贸易有限,中泰天成大楼,南山区南海大道与东滨,深房许字（2013）南山,1c2f5d6b-b02d-4959-a796-88a7b8d15f3c
深圳市新南宝恒投资发,同创新作居,龙岗区平湖街道,深房许字（2013）龙岗,19bb19c7-5298-4018-8448-3d61aecbca54
深圳市草围投资有限公,香格丽湾园,宝安区西乡街道航城大,深房许字（2013）宝安,7741f04a-f9ce-44bc-a8fb-35ef3f22f0d2
深圳市嘉福房地产开发,璞岸花园（一期）,大鹏街道大鹏山庄以北,深房许字(2013)大鹏00,4112944c-4e9f-4873-b1e1-ca656fc574aa
东港实业发展（深圳）,君临海域名园（一期）,盐田海景二路与海山东,深房许字（2013）盐田,aa64645d-dc11-4f23-8043-b5511a223abe
东港实业发展（深圳）,君临海域名园（一期）,盐田海景二路与海山东,深房许字（2013）盐田,181de1bd-2ab8-4c4d-8e41-db2fb8ba12b7
深圳市万科滨海房地产,壹海城(四区),盐田区深盐路南海山北,深房许字(2013)盐田00,bb179c1c-cb5f-47ca-8795-9e40c08d0d12
深圳市万科滨海房地产,壹海城(四区),盐田区深盐路南海山北,深房许字(2013)盐田00,ac82c37a-1735-49e8-a52e-9f62000379a2
深圳市新生辉投资有限,茗语华苑,龙华新区观澜街道黎光,深房许字（2013）龙华,e5fe1ba0-8d58-4e28-a9c0-720fd8312e58
深圳市深房集团龙岗开,深房尚林花园,龙岗区龙岗街道,深房许字（2013）龙岗,880007e2-73bb-4e9a-86cb-e2348c3370b2